id,date,time,user,task,age,gender,education,eyesight,display,understood,easiness,satisfied,comments,chart,chart_marked,A_num_clust,A_ANS_num_clus,B_value_marker,B_ANS_value_marker,C_value_to_click,C_ANS_value_clicked,error_A,error_B,error_C,time_spent,prolific_code
1,2022-03-22,00:57:28.725786,88621024,terms_accepted,-1,-,-,-,-,-,-,-,-,-,-,-1,-1,-1,-1,-1,-1,-1,-1,-1,-,-
2,2022-03-22,00:57:43.286158,88621024,demographic_survey,50,Male,No schooling completed,Good,23,-,-,-,-,-,-,-1,-1,-1,-1,-1,-1,-1,-1,-1,-,-
3,2022-03-22,01:02:07.790833,82089849,terms_accepted,-1,-,-,-,-,-,-,-,-,-,-,-1,-1,-1,-1,-1,-1,-1,-1,-1,-,-
4,2022-03-22,01:02:22.036827,82089849,demographic_survey,33,Female,"Some high school, no diploma",Excellent,66,-,-,-,-,-,-,-1,-1,-1,-1,-1,-1,-1,-1,-1,-,-
5,2022-03-22,01:12:10.309116,82089849,intro task,-1,-,-,-,-,-,-,-,-,2heatmap8_Blues_marker_27_0,2heatmap8_Blues_marker_27_0,2,4,27,27,23,5,2,0,-18,575.323693 sec,-
6,2022-03-22,01:12:13.589184,82089849,intro task,-1,-,-,-,-,-,-,-,-,2heatmap8_Blues_marker_27_0,2heatmap8_Blues_marker_27_0,2,4,27,27,23,5,2,0,-18,578.606606 sec,-
7,2022-03-22,01:13:42.806421,82089849,intro task,-1,-,-,-,-,-,-,-,-,2heatmap8_Blues_marker_27_0,2heatmap8_Blues_marker_27_0,2,4,27,27,23,5,2,0,-18,667.820333 sec,-
8,2022-03-22,01:13:57.718875,82089849,intro task,-1,-,-,-,-,-,-,-,-,2heatmap6_Viridis_marker_23_0,2heatmap6_Viridis_marker_23_0,2,2,23,25,2,5,0,2,3,14.876587 sec,-
9,2022-03-22,01:17:55.460474,82089849,task,-1,-,-,-,-,-,-,-,-,2heatmap8_Blues_marker_27_0,2heatmap8_Blues_marker_27_0,2,4,27,5,23,5,2,-22,-18,235.527021 sec,-
10,2022-03-22,01:18:11.233010,82089849,personal_evaluation,-1,-,-,-,-,Strongly agree,Undecided,Disagree,              lul,-,-,-1,-1,-1,-1,-1,-1,-1,-1,-1,-,-
11,2022-03-22,01:18:11.255643,82089849,prolific_code,-1,-,-,-,-,-,-,-,-,-,-,-1,-1,-1,-1,-1,-1,-1,-1,-1,-,55913840
12,2022-03-23,01:55:43.578940,8668761,terms_accepted,-1,-,-,-,-,-,-,-,-,-,-,-1,-1,-1,-1,-1,-1,-1,-1,-1,-,-
13,2022-03-23,01:55:56.360791,8668761,demographic_survey,44,Female,Associate degree,Bad,4,-,-,-,-,-,-,-1,-1,-1,-1,-1,-1,-1,-1,-1,-,-
14,2022-03-23,14:00:27.007531,8668761,intro task,-1,-,-,-,-,-,-,-,-,1heatmap5_Blues_marker_31_0,1heatmap5_Blues_marker_31_0,1,0,31,23,5,5,-1,-8,0,43466.74539 sec,-
15,2022-03-23,14:00:31.458155,8668761,intro task,-1,-,-,-,-,-,-,-,-,2heatmap6_Viridis_marker_23_0,2heatmap6_Viridis_marker_23_0,2,0,23,17,2,5,-2,-6,3,4.400017 sec,-
16,2022-03-23,14:00:49.710926,8668761,task,-1,-,-,-,-,-,-,-,-,1heatmap5_Blues_marker_31_0,1heatmap5_Blues_marker_31_0,1,2,31,6,5,5,1,-25,0,16.309655 sec,-
17,2022-03-23,14:04:17.584416,22359418,terms_accepted,-1,-,-,-,-,-,-,-,-,-,-,-1,-1,-1,-1,-1,-1,-1,-1,-1,-,-
18,2022-03-23,14:04:32.529630,22359418,demographic_survey,22,Male,"Some high school, no diploma",Excellent,14,-,-,-,-,-,-,-1,-1,-1,-1,-1,-1,-1,-1,-1,-,-
19,2022-03-23,14:04:46.911208,22359418,intro task,-1,-,-,-,-,-,-,-,-,2heatmap6_Viridis_marker_23_0,2heatmap6_Viridis_marker_23_0,2,2,23,17,2,5,0,-6,3,12.331761 sec,-
20,2022-03-23,14:04:54.711074,22359418,intro task,-1,-,-,-,-,-,-,-,-,2heatmap8_Blues_marker_27_0,2heatmap8_Blues_marker_27_0,2,4,27,21,23,5,2,-6,-18,7.78326 sec,-
21,2022-03-23,14:26:32.385629,63374898,terms_accepted,-1,-,-,-,-,-,-,-,-,-,-,-1,-1,-1,-1,-1,-1,-1,-1,-1,-,-
22,2022-03-23,14:26:42.667872,63374898,demographic_survey,44,Male,"Some high school, no diploma",Good,44,-,-,-,-,-,-,-1,-1,-1,-1,-1,-1,-1,-1,-1,-,-
23,2022-03-23,14:27:36.057342,63374898,intro task,-1,-,-,-,-,-,-,-,-,1heatmap5_Blues_marker_31_0,1heatmap5_Blues_marker_31_0,1,0,31,23,5,4,-1,-8,-1,51.443741 sec,-
24,2022-03-23,14:27:42.895846,63374898,intro task,-1,-,-,-,-,-,-,-,-,2heatmap8_Blues_marker_27_0,2heatmap8_Blues_marker_27_0,2,4,27,21,23,4,2,-6,-19,6.80449 sec,-
25,2022-03-23,14:27:55.544459,63374898,task,-1,-,-,-,-,-,-,-,-,1heatmap5_Blues_marker_31_0,1heatmap5_Blues_marker_31_0,1,5,31,3,5,5,4,-28,0,10.675727 sec,-
26,2022-03-23,14:28:04.443165,63374898,personal_evaluation,-1,-,-,-,-,Agree,Undecided,Undecided,              iuh,-,-,-1,-1,-1,-1,-1,-1,-1,-1,-1,-,-
27,2022-03-23,14:28:04.457517,63374898,prolific_code,-1,-,-,-,-,-,-,-,-,-,-,-1,-1,-1,-1,-1,-1,-1,-1,-1,-,3113735
28,2022-03-23,14:28:14.136794,63374898,prolific_code,-1,-,-,-,-,-,-,-,-,-,-,-1,-1,-1,-1,-1,-1,-1,-1,-1,-,16508846
29,2022-03-23,14:28:19.409132,63374898,prolific_code,-1,-,-,-,-,-,-,-,-,-,-,-1,-1,-1,-1,-1,-1,-1,-1,-1,-,80237402
30,2022-03-23,19:44:29.335577,52745158,terms_accepted,-1,-,-,-,-,-,-,-,-,-,-,-1,-1,-1,-1,-1,-1,-1,-1,-1,-,-
31,2022-03-23,19:44:42.006267,52745158,demographic_survey,33,Male,"Some high school, no diploma",Good,33,-,-,-,-,-,-,-1,-1,-1,-1,-1,-1,-1,-1,-1,-,-
32,2022-03-23,22:06:17.775467,52745158,terms_accepted,-1,-,-,-,-,-,-,-,-,-,-,-1,-1,-1,-1,-1,-1,-1,-1,-1,-,-
33,2022-03-23,22:07:53.393709,52745158,terms_accepted,-1,-,-,-,-,-,-,-,-,-,-,-1,-1,-1,-1,-1,-1,-1,-1,-1,-,-
34,2022-03-23,22:09:15.415054,52745158,terms_accepted,-1,-,-,-,-,-,-,-,-,-,-,-1,-1,-1,-1,-1,-1,-1,-1,-1,-,-
35,2022-03-23,22:10:10.424184,52745158,terms_accepted,-1,-,-,-,-,-,-,-,-,-,-,-1,-1,-1,-1,-1,-1,-1,-1,-1,-,-
36,2022-03-23,22:12:35.294973,52745158,terms_accepted,-1,-,-,-,-,-,-,-,-,-,-,-1,-1,-1,-1,-1,-1,-1,-1,-1,-,-
37,2022-03-23,22:14:21.389468,52745158,terms_accepted,-1,-,-,-,-,-,-,-,-,-,-,-1,-1,-1,-1,-1,-1,-1,-1,-1,-,-
38,2022-03-23,22:14:28.761928,52745158,terms_accepted,-1,-,-,-,-,-,-,-,-,-,-,-1,-1,-1,-1,-1,-1,-1,-1,-1,-,-
39,2022-03-23,22:19:22.325151,52745158,demographic_survey,22,Female,No schooling completed,Good,44,-,-,-,-,-,-,-1,-1,-1,-1,-1,-1,-1,-1,-1,-,-
40,2022-03-23,22:19:33.334215,52745158,intro task,-1,-,-,-,-,-,-,-,-,1heatmap5_Blues_marker_31_0,1heatmap5_Blues_marker_31_0,1,0,31,30,5,4,-1,-1,-1,9.136462 sec,-
41,2022-03-24,22:33:07.095938,52745158,intro task,-1,-,-,-,-,-,-,-,-,1heatmap5_Blues_marker_31_transposed_0,1heatmap5_Blues_marker_31_transposed_0,1,1,31,31,42,4,0,0,-38,87213.71462 sec,-
42,2022-03-24,22:33:18.850563,52745158,task,-1,-,-,-,-,-,-,-,-,1heatmap5_Blues_marker_31_0,1heatmap5_Blues_marker_31_0,1,4,31,4,5,5,3,-27,0,9.64689 sec,-
43,2022-03-24,22:33:27.141106,52745158,personal_evaluation,-1,-,-,-,-,Agree,Strongly agree,Undecided,              3,-,-,-1,-1,-1,-1,-1,-1,-1,-1,-1,-,-
44,2022-03-24,22:33:27.158259,52745158,prolific_code,-1,-,-,-,-,-,-,-,-,-,-,-1,-1,-1,-1,-1,-1,-1,-1,-1,-,89294349
45,2022-03-24,22:34:02.702728,87378013,terms_accepted,-1,-,-,-,-,-,-,-,-,-,-,-1,-1,-1,-1,-1,-1,-1,-1,-1,-,-
46,2022-03-24,22:40:49.798530,38420296,terms_accepted,-1,-,-,-,-,-,-,-,-,-,-,-1,-1,-1,-1,-1,-1,-1,-1,-1,-,-
47,2022-03-24,22:41:06.833155,38420296,demographic_survey,22,Female,"Some high school, no diploma",Excellent,33,-,-,-,-,-,-,-1,-1,-1,-1,-1,-1,-1,-1,-1,-,-
48,2022-03-26,21:11:47.560444,72729737,terms_accepted,-1,-,-,-,-,-,-,-,-,-,-,-1,-1,-1,-1,-1,-1,-1,-1,-1,-,-
49,2022-03-26,21:12:41.692769,80587804,terms_accepted,-1,-,-,-,-,-,-,-,-,-,-,-1,-1,-1,-1,-1,-1,-1,-1,-1,-,-
50,2022-03-26,21:12:58.011123,80587804,demographic_survey,44,Male,"Some high school, no diploma",Good,55,-,-,-,-,-,-,-1,-1,-1,-1,-1,-1,-1,-1,-1,-,-
51,2022-03-26,21:13:04.469837,80587804,intro task,-1,-,-,-,-,-,-,-,-,2heatmap6_Viridis_marker_23_0,2heatmap6_Viridis_marker_23_0,2,0,23,17,2,4,-2,-6,2,4.643838 sec,-
52,2022-03-26,21:13:10.699505,80587804,intro task,-1,-,-,-,-,-,-,-,-,1heatmap5_Blues_marker_31_0,1heatmap5_Blues_marker_31_0,1,2,31,23,5,4,1,-8,-1,6.208348 sec,-
53,2022-03-26,21:13:18.889354,80587804,task,-1,-,-,-,-,-,-,-,-,2heatmap6_Viridis_marker_23_0,2heatmap6_Viridis_marker_23_0,2,5,23,5,2,5,3,-18,3,6.428876 sec,-
54,2022-03-26,21:13:26.924804,80587804,personal_evaluation,-1,-,-,-,-,Strongly agree,Strongly disagree,Agree,              555,-,-,-1,-1,-1,-1,-1,-1,-1,-1,-1,-,-
55,2022-03-26,21:13:26.936157,80587804,prolific_code,-1,-,-,-,-,-,-,-,-,-,-,-1,-1,-1,-1,-1,-1,-1,-1,-1,-,429913
56,2022-03-26,21:41:40.006170,17151975,terms_accepted,-1,-,-,-,-,-,-,-,-,-,-,-1,-1,-1,-1,-1,-1,-1,-1,-1,-,-
57,2022-03-26,21:43:16.839334,17151975,demographic_survey,33,Female,No schooling completed,Good,44,-,-,-,-,-,-,-1,-1,-1,-1,-1,-1,-1,-1,-1,-,-
58,2022-03-26,21:46:22.752140,17151975,demographic_survey,33,Male,No schooling completed,Excellent,66,-,-,-,-,-,-,-1,-1,-1,-1,-1,-1,-1,-1,-1,-,-
59,2022-03-26,21:46:28.897878,17151975,demographic_survey,33,Male,No schooling completed,Excellent,66,-,-,-,-,-,-,-1,-1,-1,-1,-1,-1,-1,-1,-1,-,-
60,2022-03-26,21:46:48.658050,17151975,demographic_survey,18,Male,No schooling completed,Excellent,66,-,-,-,-,-,-,-1,-1,-1,-1,-1,-1,-1,-1,-1,-,-
61,2022-03-26,21:47:28.957345,17151975,demographic_survey,55,Male,No schooling completed,Excellent,66,-,-,-,-,-,-,-1,-1,-1,-1,-1,-1,-1,-1,-1,-,-
62,2022-03-26,21:51:44.156140,17151975,demographic_survey,55,Male,No schooling completed,Excellent,66,-,-,-,-,-,-,-1,-1,-1,-1,-1,-1,-1,-1,-1,-,-
63,2022-03-26,22:33:38.758821,17151975,terms_accepted,-1,-,-,-,-,-,-,-,-,-,-,-1,-1,-1,-1,-1,-1,-1,-1,-1,-,-
64,2022-03-26,22:33:51.069282,17151975,demographic_survey,44,Female,No schooling completed,Good,44,-,-,-,-,-,-,-1,-1,-1,-1,-1,-1,-1,-1,-1,-,-
65,2022-03-26,22:52:04.660133,17151975,intro task,-1,-,-,-,-,-,-,-,-,0heatmap7_Blues_marker_35_0,0heatmap7_Blues_marker_35_0,0,1,35,28,14,4,1,-7,-10,370.096366 sec,-
66,2022-03-26,22:57:55.337831,17151975,intro task,-1,-,-,-,-,-,-,-,-,2heatmap6_Viridis_marker_23_0,2heatmap6_Viridis_marker_23_0,2,2,23,17,2,4,0,-6,2,350.62616 sec,-
67,2022-03-27,09:42:15.844598,53167421,terms_accepted,-1,-,-,-,-,-,-,-,-,-,-,-1,-1,-1,-1,-1,-1,-1,-1,-1,-,-
68,2022-03-27,09:42:29.642959,53167421,demographic_survey,44,Male,No schooling completed,Good,10,-,-,-,-,-,-,-1,-1,-1,-1,-1,-1,-1,-1,-1,-,-
69,2022-03-27,10:13:16.048777,53167421,intro task,-1,-,-,-,-,-,-,-,-,2heatmap8_Blues_marker_27_0,2heatmap8_Blues_marker_27_0,2,1,27,31,23,4,-1,4,-19,1620.453943 sec,-
70,2022-03-27,10:34:20.190576,53167421,intro task,-1,-,-,-,-,-,-,-,-,1heatmap5_Blues_marker_31_0,1heatmap5_Blues_marker_31_0,1,2,31,23,5,4,1,-8,-1,1264.054157 sec,-
71,2022-03-27,19:22:41.653897,53167421,intro task,-1,-,-,-,-,-,-,-,-,2heatmap8_Blues_marker_27_0,2heatmap8_Blues_marker_27_0,2,1,27,31,23,4,-1,4,-19,31701.33751 sec,-
72,2022-03-27,19:22:59.746127,53167421,intro task,-1,-,-,-,-,-,-,-,-,1heatmap5_Blues_marker_31_0,1heatmap5_Blues_marker_31_0,1,0,31,30,5,4,-1,-1,-1,17.994947 sec,-
73,2022-03-27,19:26:10.050963,4510804,terms_accepted,-1,-,-,-,-,-,-,-,-,-,-,-1,-1,-1,-1,-1,-1,-1,-1,-1,-,-
74,2022-03-27,19:26:21.669739,4510804,demographic_survey,33,Male,No schooling completed,Good,44,-,-,-,-,-,-,-1,-1,-1,-1,-1,-1,-1,-1,-1,-,-
75,2022-03-27,19:37:31.561923,4510804,intro task,-1,-,-,-,-,-,-,-,-,1heatmap5_Blues_marker_31_transposed_0,1heatmap5_Blues_marker_31_transposed_0,1,1,31,27,42,4,0,-4,-38,668.502655 sec,-
76,2022-03-27,19:37:51.279487,4510804,intro task,-1,-,-,-,-,-,-,-,-,0heatmap7_Blues_marker_35_0,0heatmap7_Blues_marker_35_0,0,1,35,28,14,4,1,-7,-10,19.650661 sec,-
77,2022-03-27,20:00:01.312236,66926457,terms_accepted,-1,-,-,-,-,-,-,-,-,-,-,-1,-1,-1,-1,-1,-1,-1,-1,-1,-,-
78,2022-03-27,20:00:12.243950,66926457,demographic_survey,33,Male,"Some high school, no diploma",Good,22,-,-,-,-,-,-,-1,-1,-1,-1,-1,-1,-1,-1,-1,-,-
79,2022-03-27,20:04:24.852646,66926457,intro task,-1,-,-,-,-,-,-,-,-,2heatmap8_Blues_marker_27_0,2heatmap8_Blues_marker_27_0,2,4,27,31,23,4,2,4,-19,250.897461 sec,-
80,2022-03-27,20:30:22.386935,66926457,intro task,-1,-,-,-,-,-,-,-,-,1heatmap5_Blues_marker_31_0,1heatmap5_Blues_marker_31_0,1,2,31,23,5,4,1,-8,-1,1557.503331 sec,-
81,2022-03-27,22:23:46.361718,93351568,terms_accepted,-1,-,-,-,-,-,-,-,-,-,-,-1,-1,-1,-1,-1,-1,-1,-1,-1,-,-
82,2022-03-27,22:24:00.558498,93351568,demographic_survey,22,Female,"Some high school, no diploma",Good,33,-,-,-,-,-,-,-1,-1,-1,-1,-1,-1,-1,-1,-1,-,-
83,2022-03-27,22:25:19.851857,89096081,terms_accepted,-1,-,-,-,-,-,-,-,-,-,-,-1,-1,-1,-1,-1,-1,-1,-1,-1,-,-
84,2022-03-27,22:25:34.931823,89096081,demographic_survey,32,Male,"Some high school, no diploma",Good,1.5,-,-,-,-,-,-,-1,-1,-1,-1,-1,-1,-1,-1,-1,-,-
85,2022-03-27,22:25:46.028847,89096081,intro task,-1,-,-,-,-,-,-,-,-,1heatmap5_Blues_marker_31_0,1heatmap5_Blues_marker_31_0,1,0,31,30,5,"258, 284",-1,-1,-1,9.006844 sec,-
86,2022-03-27,23:05:06.024028,89096081,intro task,-1,-,-,-,-,-,-,-,-,0heatmap7_Blues_marker_35_0,0heatmap7_Blues_marker_35_0,0,1,35,22,14,"163, 222",1,-13,-10,2359.977319 sec,-
87,2022-03-27,23:25:20.999164,12428646,terms_accepted,-1,-,-,-,-,-,-,-,-,-,-,-1,-1,-1,-1,-1,-1,-1,-1,-1,-,-
88,2022-03-27,23:25:32.383632,12428646,demographic_survey,44,Male,"Some high school, no diploma",Good,44,-,-,-,-,-,-,-1,-1,-1,-1,-1,-1,-1,-1,-1,-,-
89,2022-03-27,23:27:16.058572,71925476,terms_accepted,-1,-,-,-,-,-,-,-,-,-,-,-1,-1,-1,-1,-1,-1,-1,-1,-1,-,-
90,2022-03-27,23:27:26.990657,71925476,demographic_survey,33,Male,"Some high school, no diploma",Good,22,-,-,-,-,-,-,-1,-1,-1,-1,-1,-1,-1,-1,-1,-,-
91,2022-03-27,23:46:15.833705,83911596,terms_accepted,-1,-,-,-,-,-,-,-,-,-,-,-1,-1,-1,-1,-1,-1,-1,-1,-1,-,-
92,2022-03-27,23:46:29.313318,83911596,demographic_survey,22,Female,No schooling completed,Good,22,-,-,-,-,-,-,-1,-1,-1,-1,-1,-1,-1,-1,-1,-,-
93,2022-03-27,23:48:05.532272,83911596,demographic_survey,22,Female,"Some high school, no diploma",Good,33,-,-,-,-,-,-,-1,-1,-1,-1,-1,-1,-1,-1,-1,-,-
94,2022-03-27,23:51:28.318358,85175872,terms_accepted,-1,-,-,-,-,-,-,-,-,-,-,-1,-1,-1,-1,-1,-1,-1,-1,-1,-,-
95,2022-03-27,23:51:40.405732,85175872,demographic_survey,22,Female,No schooling completed,Excellent,22,-,-,-,-,-,-,-1,-1,-1,-1,-1,-1,-1,-1,-1,-,-
96,2022-03-27,23:53:40.996491,85175872,intro task,-1,-,-,-,-,-,-,-,-,1heatmap5_Blues_marker_31_transposed_0,1heatmap5_Blues_marker_31_transposed_0,1,4,31,27,42,0,3,-4,-38,119.392241 sec,-
97,2022-03-27,23:55:02.460077,85175872,intro task,-1,-,-,-,-,-,-,-,-,2heatmap6_Viridis_marker_23_0,2heatmap6_Viridis_marker_23_0,2,0,23,17,2,47,-2,-6,2,81.418305 sec,-
98,2022-03-28,00:04:25.070654,33421751,terms_accepted,-1,-,-,-,-,-,-,-,-,-,-,-1,-1,-1,-1,-1,-1,-1,-1,-1,-,-
99,2022-03-28,00:04:42.852637,33421751,demographic_survey,55,Female,No schooling completed,Good,33,-,-,-,-,-,-,-1,-1,-1,-1,-1,-1,-1,-1,-1,-,-
100,2022-03-28,00:06:34.394368,33421751,intro task,-1,-,-,-,-,-,-,-,-,2heatmap8_Blues_marker_27_0,2heatmap8_Blues_marker_27_0,2,4,27,31,23,39,2,4,-19,110.160262 sec,-
101,2022-03-28,00:06:55.739768,33421751,intro task,-1,-,-,-,-,-,-,-,-,2heatmap6_Viridis_marker_23_0,2heatmap6_Viridis_marker_23_0,2,0,23,12,2,1,-2,-11,2,21.319242 sec,-
102,2022-03-28,00:07:02.320820,33421751,intro task,-1,-,-,-,-,-,-,-,-,2heatmap8_Blues_marker_27_0,2heatmap8_Blues_marker_27_0,2,4,27,31,23,15,2,4,-19,6.564488 sec,-
103,2022-03-28,00:07:13.454177,33421751,intro task,-1,-,-,-,-,-,-,-,-,2heatmap6_Viridis_marker_23_0,2heatmap6_Viridis_marker_23_0,2,0,23,17,2,50,-2,-6,2,11.124421 sec,-
104,2022-03-28,00:09:14.372575,33421751,intro task,-1,-,-,-,-,-,-,-,-,2heatmap6_Viridis_marker_23_0,2heatmap6_Viridis_marker_23_0,2,0,23,12,2,50,-2,-11,2,120.901661 sec,-
105,2022-03-28,00:39:53.641963,33751730,terms_accepted,-1,-,-,-,-,-,-,-,-,-,-,-1,-1,-1,-1,-1,-1,-1,-1,-1,-,-
106,2022-03-28,00:40:05.886932,33751730,demographic_survey,22,Male,"High school graduate, diploma or the equivalent",Excellent,33,-,-,-,-,-,-,-1,-1,-1,-1,-1,-1,-1,-1,-1,-,-
107,2022-03-28,00:40:13.421091,33751730,intro task,-1,-,-,-,-,-,-,-,-,1heatmap5_Blues_marker_31_0,1heatmap5_Blues_marker_31_0,1,2,31,23,5,0,1,-8,-1,6.264166 sec,-
108,2022-03-28,00:40:18.351414,33751730,intro task,-1,-,-,-,-,-,-,-,-,1heatmap5_Blues_marker_31_transposed_0,1heatmap5_Blues_marker_31_transposed_0,1,4,31,23,42,8,3,-8,-38,4.914106 sec,-
109,2022-03-28,00:42:41.903336,33751730,task,-1,-,-,-,-,-,-,-,-,1heatmap5_Blues_marker_31_0,1heatmap5_Blues_marker_31_0,1,1,31,1,5,47,0,-30,42,142.169787 sec,-
110,2022-03-28,00:43:08.428336,33751730,task,-1,-,-,-,-,-,-,-,-,1heatmap5_Blues_marker_31_0,1heatmap5_Blues_marker_31_0,1,6,31,3,5,18,5,-28,13,26.49758 sec,-
111,2022-03-28,00:43:25.624883,33751730,personal_evaluation,-1,-,-,-,-,Agree,Agree,Strongly agree,              efewf,-,-,-1,-1,-1,-1,-1,-1,-1,-1,-1,-,-
112,2022-03-28,00:43:25.946175,33751730,prolific_code,-1,-,-,-,-,-,-,-,-,-,-,-1,-1,-1,-1,-1,-1,-1,-1,-1,-,97250864
113,2022-03-28,19:27:03.075616,68945817,terms_accepted,-1,-,-,-,-,-,-,-,-,-,-,-1,-1,-1,-1,-1,-1,-1,-1,-1,-,-
114,2022-03-28,19:27:18.540295,68945817,demographic_survey,22,Male,"Some high school, no diploma",Good,12,-,-,-,-,-,-,-1,-1,-1,-1,-1,-1,-1,-1,-1,-,-
115,2022-03-28,19:27:31.728958,68945817,intro task,-1,-,-,-,-,-,-,-,-,1heatmap5_Blues_marker_31_0,1heatmap5_Blues_marker_31_0,1,2,31,23,5,7,1,-8,-1,11.780468 sec,-
116,2022-03-28,19:27:42.233174,68945817,intro task,-1,-,-,-,-,-,-,-,-,1heatmap5_Blues_marker_31_transposed_0,1heatmap5_Blues_marker_31_transposed_0,1,1,31,23,42,23,0,-8,-38,10.484875 sec,-
117,2022-03-28,19:27:59.077304,68945817,task,-1,-,-,-,-,-,-,-,-,1heatmap5_Blues_marker_31_0,1heatmap5_Blues_marker_31_0,1,1,31,4,5,35,0,-27,30,14.731321 sec,-
118,2022-03-28,19:28:14.110197,68945817,personal_evaluation,-1,-,-,-,-,Strongly agree,Strongly agree,Strongly agree,              lel,-,-,-1,-1,-1,-1,-1,-1,-1,-1,-1,-,-
119,2022-03-28,19:28:14.123030,68945817,prolific_code,-1,-,-,-,-,-,-,-,-,-,-,-1,-1,-1,-1,-1,-1,-1,-1,-1,-,98039337
120,2022-03-28,19:30:50.697893,98868622,terms_accepted,-1,-,-,-,-,-,-,-,-,-,-,-1,-1,-1,-1,-1,-1,-1,-1,-1,-,-
121,2022-03-28,19:31:07.379944,98868622,demographic_survey,22,Female,No schooling completed,Good,11,-,-,-,-,-,-,-1,-1,-1,-1,-1,-1,-1,-1,-1,-,-
122,2022-03-28,19:31:16.823670,98868622,intro task,-1,-,-,-,-,-,-,-,-,1heatmap5_Blues_marker_31_transposed_0,1heatmap5_Blues_marker_31_transposed_0,1,4,31,31,42,20,3,0,-38,6.811882 sec,-
123,2022-03-28,19:31:30.106926,98868622,intro task,-1,-,-,-,-,-,-,-,-,0heatmap7_Blues_marker_35_0,0heatmap7_Blues_marker_35_0,0,1,35,28,14,32,1,-7,-10,13.26967 sec,-
124,2022-03-28,19:31:34.877189,98868622,intro task,-1,-,-,-,-,-,-,-,-,0heatmap7_Blues_marker_35_0,0heatmap7_Blues_marker_35_0,0,1,35,28,14,32,1,-7,-10,4.752011 sec,-
125,2022-03-28,19:31:42.383487,98868622,task,-1,-,-,-,-,-,-,-,-,1heatmap5_Blues_marker_31_transposed_0,1heatmap5_Blues_marker_31_transposed_0,1,3,31,3,42,32,2,-28,-10,6.026676 sec,-
126,2022-03-28,19:31:51.257459,98868622,personal_evaluation,-1,-,-,-,-,Agree,Agree,Agree,              ,-,-,-1,-1,-1,-1,-1,-1,-1,-1,-1,-,-
127,2022-03-28,19:31:51.269055,98868622,prolific_code,-1,-,-,-,-,-,-,-,-,-,-,-1,-1,-1,-1,-1,-1,-1,-1,-1,-,6330064
128,2022-03-28,19:58:11.619693,23950033,terms_accepted,-1,-,-,-,-,-,-,-,-,-,-,-1,-1,-1,-1,-1,-1,-1,-1,-1,-,-
129,2022-03-28,19:58:33.904249,23950033,demographic_survey,23,Female,Doctorate degree,Excellent,13,-,-,-,-,-,-,-1,-1,-1,-1,-1,-1,-1,-1,-1,-,-
130,2022-03-28,19:58:57.346233,23950033,intro task,-1,-,-,-,-,-,-,-,-,1heatmap5_Blues_marker_31_0,1heatmap5_Blues_marker_31_0,1,1,31,30,5,3,0,-1,-1,21.992892 sec,-
131,2022-03-28,19:59:17.209654,23950033,intro task,-1,-,-,-,-,-,-,-,-,2heatmap8_Blues_marker_27_0,2heatmap8_Blues_marker_27_0,2,2,27,27,23,21,0,0,-19,19.844573 sec,-
132,2022-03-28,19:59:38.620068,23950033,task,-1,-,-,-,-,-,-,-,-,1heatmap5_Blues_marker_31_0,1heatmap5_Blues_marker_31_0,1,1,31,7,5,10,0,-24,5,19.667757 sec,-
133,2022-03-28,19:59:47.946180,23950033,personal_evaluation,-1,-,-,-,-,Strongly agree,Strongly agree,Strongly agree,              lol,-,-,-1,-1,-1,-1,-1,-1,-1,-1,-1,-,-
134,2022-03-28,19:59:47.966933,23950033,prolific_code,-1,-,-,-,-,-,-,-,-,-,-,-1,-1,-1,-1,-1,-1,-1,-1,-1,-,98916774
135,2022-03-28,21:11:49.510528,21786944,terms_accepted,-1,-,-,-,-,-,-,-,-,-,-,-1,-1,-1,-1,-1,-1,-1,-1,-1,-,-
136,2022-03-29,19:56:14.566749,84722253,terms_accepted,-1,-,-,-,-,-,-,-,-,-,-,-1,-1,-1,-1,-1,-1,-1,-1,-1,-,-
137,2022-03-29,19:56:27.508376,84722253,demographic_survey,22,Male,No schooling completed,Good,33,-,-,-,-,-,-,-1,-1,-1,-1,-1,-1,-1,-1,-1,-,-
138,2022-03-29,19:58:01.851407,84346669,terms_accepted,-1,-,-,-,-,-,-,-,-,-,-,-1,-1,-1,-1,-1,-1,-1,-1,-1,-,-
139,2022-03-29,19:58:15.916823,84346669,demographic_survey,55,Female,No schooling completed,Good,66,-,-,-,-,-,-,-1,-1,-1,-1,-1,-1,-1,-1,-1,-,-
140,2022-03-29,19:59:34.253452,58098176,terms_accepted,-1,-,-,-,-,-,-,-,-,-,-,-1,-1,-1,-1,-1,-1,-1,-1,-1,-,-
141,2022-03-29,19:59:46.794127,58098176,demographic_survey,33,Female,No schooling completed,Excellent,33,-,-,-,-,-,-,-1,-1,-1,-1,-1,-1,-1,-1,-1,-,-
142,2022-03-29,19:59:55.111329,58098176,intro task,-1,-,-,-,-,-,-,-,-,1heatmap5_Blues_marker_31_transposed_0,1heatmap5_Blues_marker_31_transposed_0,1,4,31,31,42,10,3,0,-32,7.051052 sec,-
143,2022-03-29,20:00:12.803030,58098176,intro task,-1,-,-,-,-,-,-,-,-,2heatmap8_Blues_marker_27_0,2heatmap8_Blues_marker_27_0,2,1,27,21,23,25,-1,-6,2,17.676111 sec,-
144,2022-03-29,20:00:31.903582,58098176,task,-1,-,-,-,-,-,-,-,-,1heatmap5_Blues_marker_31_transposed_0,1heatmap5_Blues_marker_31_transposed_0,1,3,31,4,42,31,2,-27,-11,17.795169 sec,-
145,2022-03-29,20:00:44.123818,58098176,personal_evaluation,-1,-,-,-,-,Strongly agree,Strongly agree,Strongly agree,              lol,-,-,-1,-1,-1,-1,-1,-1,-1,-1,-1,-,-
146,2022-03-29,20:00:44.138869,58098176,prolific_code,-1,-,-,-,-,-,-,-,-,-,-,-1,-1,-1,-1,-1,-1,-1,-1,-1,-,37641481
147,2022-03-29,20:01:45.451737,91939911,terms_accepted,-1,-,-,-,-,-,-,-,-,-,-,-1,-1,-1,-1,-1,-1,-1,-1,-1,-,-
148,2022-03-29,20:02:03.711725,91939911,demographic_survey,19,Female,"Some high school, no diploma",Good,22,-,-,-,-,-,-,-1,-1,-1,-1,-1,-1,-1,-1,-1,-,-
149,2022-03-29,20:02:17.404811,91939911,intro task,-1,-,-,-,-,-,-,-,-,1heatmap5_Blues_marker_31_transposed_0,1heatmap5_Blues_marker_31_transposed_0,1,4,31,31,42,22,3,0,-20,12.126217 sec,-
150,2022-03-29,20:02:21.440229,91939911,intro task,-1,-,-,-,-,-,-,-,-,1heatmap5_Blues_marker_31_0,1heatmap5_Blues_marker_31_0,1,0,31,23,5,26,-1,-8,21,4.019684 sec,-
151,2022-03-29,20:02:33.402433,91939911,task,-1,-,-,-,-,-,-,-,-,1heatmap5_Blues_marker_31_transposed_0,1heatmap5_Blues_marker_31_transposed_0,1,3,31,4,42,35,2,-27,-7,10.839137 sec,-
152,2022-03-29,20:07:52.386078,91939911,intro task,-1,-,-,-,-,-,-,-,-,1heatmap5_Blues_marker_31_transposed_0,1heatmap5_Blues_marker_31_transposed_0,1,4,31,31,42,31,3,0,-11,318.965291 sec,-
153,2022-03-29,21:37:05.925937,89800120,terms_accepted,-1,-,-,-,-,-,-,-,-,-,-,-1,-1,-1,-1,-1,-1,-1,-1,-1,-,-
154,2022-03-29,21:37:25.993715,89800120,demographic_survey,34,Male,No schooling completed,Good,25,-,-,-,-,-,-,-1,-1,-1,-1,-1,-1,-1,-1,-1,-,-
155,2022-03-29,21:40:19.812139,13740407,terms_accepted,-1,-,-,-,-,-,-,-,-,-,-,-1,-1,-1,-1,-1,-1,-1,-1,-1,-,-
156,2022-03-29,21:40:34.809109,13740407,demographic_survey,44,Female,"Some high school, no diploma",Excellent,13,-,-,-,-,-,-,-1,-1,-1,-1,-1,-1,-1,-1,-1,-,-
157,2022-03-29,21:43:13.293610,13740407,intro task,-1,-,-,-,-,-,-,-,-,2heatmap8_Blues_marker_27_0,2heatmap8_Blues_marker_27_0,2,1,27,31,23,25,-1,4,2,157.236006 sec,-
158,2022-03-29,21:43:18.676489,13740407,intro task,-1,-,-,-,-,-,-,-,-,1heatmap5_Blues_marker_31_0,1heatmap5_Blues_marker_31_0,1,2,31,30,5,25,1,-1,20,5.346026 sec,-
159,2022-03-29,21:43:25.275306,13740407,task,-1,-,-,-,-,-,-,-,-,2heatmap8_Blues_marker_27_0,2heatmap8_Blues_marker_27_0,2,3,27,4,23,39,1,-23,16,5.123731 sec,-
160,2022-03-29,21:43:33.193719,13740407,personal_evaluation,-1,-,-,-,-,Strongly agree,Strongly agree,Agree,              23,-,-,-1,-1,-1,-1,-1,-1,-1,-1,-1,-,-
161,2022-03-29,21:43:33.204984,13740407,prolific_code,-1,-,-,-,-,-,-,-,-,-,-,-1,-1,-1,-1,-1,-1,-1,-1,-1,-,42651107
162,2022-03-29,21:55:51.752331,4917143,terms_accepted,-1,-,-,-,-,-,-,-,-,-,-,-1,-1,-1,-1,-1,-1,-1,-1,-1,-,-
163,2022-03-29,21:56:04.249725,4917143,demographic_survey,22,Female,"Some high school, no diploma",Good,22,-,-,-,-,-,-,-1,-1,-1,-1,-1,-1,-1,-1,-1,-,-
164,2022-03-29,21:57:59.874595,34891492,terms_accepted,-1,-,-,-,-,-,-,-,-,-,-,-1,-1,-1,-1,-1,-1,-1,-1,-1,-,-
165,2022-03-29,21:58:13.754665,34891492,demographic_survey,33,Female,No schooling completed,Good,33,-,-,-,-,-,-,-1,-1,-1,-1,-1,-1,-1,-1,-1,-,-
166,2022-03-29,21:58:22.319977,34891492,intro task,-1,-,-,-,-,-,-,-,-,2heatmap6_Viridis_marker_23_0,2heatmap6_Viridis_marker_23_0,2,2,23,17,2,6,0,-6,4,7.217648 sec,-
167,2022-03-29,21:58:30.292562,34891492,intro task,-1,-,-,-,-,-,-,-,-,0heatmap7_Blues_,0heatmap7_Blues_marker_35_0,0,4,35,22,14,18,4,-13,4,7.960139 sec,-
168,2022-04-01,01:05:34.464019,94333558,terms_accepted,-1,-,-,-,-,-,-,-,-,-,-,-1,-1,-1,-1,-1,-1,-1,-1,-1,-,
169,2022-04-01,01:06:01.364781,94333558,demographic_survey,24,Female,No schooling completed,Good,13,-,-,-,-,-,-,-1,-1,-1,-1,-1,-1,-1,-1,-1,-,
170,2022-04-01,01:25:43.165660,67526594,terms_accepted,-1,-,-,-,-,-,-,-,-,-,-,-1,-1,-1,-1,-1,-1,-1,-1,-1,-,
171,2022-04-01,01:25:55.822877,67526594,demographic_survey,33,Male,"Some high school, no diploma",Good,22,-,-,-,-,-,-,-1,-1,-1,-1,-1,-1,-1,-1,-1,-,
172,2022-04-01,01:29:43.867859,67526594,intro task,-1,-,-,-,-,-,-,-,-,1heatmap7_Blues_disc_marker_22,1heatmap7_Blues_disc,1,1,22,27,37,26,0,5,-11,226.710914 sec,
173,2022-04-01,01:29:51.456369,67526594,intro task,-1,-,-,-,-,-,-,-,-,2heatmap3_Viridis_cont_marker_12,2heatmap3_Viridis_cont,2,1,12,15,33,37,-1,3,4,7.557399 sec,
174,2022-04-01,01:30:16.562494,67526594,task,-1,-,-,-,-,-,-,-,-,1heatmap7_Blues_disc_marker_22,1heatmap7_Blues_disc,1,3,22,4,37,25,2,-18,-12,23.617531 sec,
175,2022-04-01,01:30:28.286710,67526594,personal_evaluation,-1,-,-,-,-,Agree,Agree,Agree,              lul,-,-,-1,-1,-1,-1,-1,-1,-1,-1,-1,-,
176,2022-04-01,01:30:28.313927,67526594,END,-1,-,-,-,-,-,-,-,-,-,-,-1,-1,-1,-1,-1,-1,-1,-1,-1,-,
177,2022-04-01,02:07:13.369482,62189011,terms_accepted,-1,-,-,-,-,-,-,-,-,-,-,-1,-1,-1,-1,-1,-1,-1,-1,-1,-,
178,2022-04-01,02:07:39.259148,62189011,demographic_survey,22,Non-Binary,"Some high school, no diploma",Excellent,13,-,-,-,-,-,-,-1,-1,-1,-1,-1,-1,-1,-1,-1,-,
179,2022-04-01,02:09:39.277972,62189011,intro task,-1,-,-,-,-,-,-,-,-,2heatmap0_Blues_disc,2heatmap0_Blues_disc_marker_17,2,0,17,17,40,42,-2,0,2,110.230248 sec,
180,2022-04-01,02:23:38.122987,62189011,intro task,-1,-,-,-,-,-,-,-,-,2heatmap3_Viridis_cont,2heatmap3_Viridis_cont_marker_12,2,1,12,10,50,38,-1,-2,-12,838.810686 sec,
181,2022-04-01,02:23:44.043380,62189011,intro task,-1,-,-,-,-,-,-,-,-,1heatmap7_Blues_disc,1heatmap7_Blues_disc_marker_22,1,1,22,22,6,21,0,0,15,5.809715 sec,
182,2022-04-01,02:23:49.278607,62189011,intro task,-1,-,-,-,-,-,-,-,-,1heatmap1_Blues_cont,1heatmap1_Blues_cont_marker_7,1,2,7,3,35,3,1,-4,-32,5.21889 sec,
183,2022-04-01,02:23:55.202319,62189011,intro task,-1,-,-,-,-,-,-,-,-,3heatmap3_Viridis_cont,3heatmap3_Viridis_cont_marker_0,3,1,0,0,5,21,-2,0,16,5.911042 sec,
184,2022-04-01,02:24:11.858099,62189011,task,-1,-,-,-,-,-,-,-,-,2heatmap0_Blues_disc,2heatmap0_Blues_disc_marker_17,2,5,17,4,40,0,3,-13,-40,14.830942 sec,
185,2022-04-01,02:28:35.230721,62189011,task,-1,-,-,-,-,-,-,-,-,2heatmap3_Viridis_cont,2heatmap3_Viridis_cont_marker_12,2,3,12,3,50,33,1,-9,-17,263.355809 sec,
186,2022-04-01,02:28:42.753927,62189011,task,-1,-,-,-,-,-,-,-,-,1heatmap7_Blues_disc,1heatmap7_Blues_disc_marker_22,1,3,22,3,6,26,2,-19,20,7.406414 sec,
187,2022-04-01,02:28:52.910227,62189011,task,-1,-,-,-,-,-,-,-,-,1heatmap1_Blues_cont,1heatmap1_Blues_cont_marker_7,1,33,7,3,35,9,32,-4,-26,10.150374 sec,
188,2022-04-01,02:28:59.371328,62189011,task,-1,-,-,-,-,-,-,-,-,3heatmap3_Viridis_cont,3heatmap3_Viridis_cont_marker_0,3,33,0,3,5,21,30,3,16,6.455481 sec,
189,2022-04-01,20:47:54.344596,8551857,terms_accepted,-1,-,-,-,-,-,-,-,-,-,-,-1,-1,-1,-1,-1,-1,-1,-1,-1,-,
190,2022-04-01,20:48:06.392056,8551857,demographic_survey,44,Female,"Some high school, no diploma",Excellent,55,-,-,-,-,-,-,-1,-1,-1,-1,-1,-1,-1,-1,-1,-,
191,2022-04-01,20:48:17.423220,8551857,intro task,-1,-,-,-,-,-,-,-,-,3heatmap3_Viridis_cont,3heatmap3_Viridis_cont_marker_0,3,4,0,2,43,12,1,2,-31,9.701298 sec,
192,2022-04-01,20:48:28.851149,8551857,intro task,-1,-,-,-,-,-,-,-,-,1heatmap1_Blues_cont,1heatmap1_Blues_cont_marker_7,1,0,7,3,43,24,-1,-4,-19,11.417136 sec,
193,2022-04-01,20:48:33.678014,8551857,intro task,-1,-,-,-,-,-,-,-,-,2heatmap0_Blues_disc,2heatmap0_Blues_disc_marker_17,2,0,17,17,30,11,-2,0,-19,4.814814 sec,
194,2022-04-01,20:48:39.663714,8551857,intro task,-1,-,-,-,-,-,-,-,-,1heatmap7_Blues_disc,1heatmap7_Blues_disc_marker_22,1,4,22,27,32,25,3,5,-7,5.977329 sec,
195,2022-04-01,20:48:43.999725,8551857,intro task,-1,-,-,-,-,-,-,-,-,2heatmap3_Viridis_cont,2heatmap3_Viridis_cont_marker_12,2,4,12,15,13,0,2,3,-13,4.318201 sec,
196,2022-04-01,20:48:51.593632,8551857,task,-1,-,-,-,-,-,-,-,-,3heatmap3_Viridis_cont,3heatmap3_Viridis_cont_marker_0,3,6,0,4,43,31,3,4,-12,6.049297 sec,
197,2022-04-01,20:49:00.983414,8551857,task,-1,-,-,-,-,-,-,-,-,1heatmap1_Blues_cont,1heatmap1_Blues_cont_marker_7,1,6,7,4,43,14,5,-3,-29,9.383529 sec,
198,2022-04-01,20:49:52.423013,8551857,task,-1,-,-,-,-,-,-,-,-,2heatmap0_Blues_disc,2heatmap0_Blues_disc_marker_17,2,3,17,3,30,21,1,-14,-9,51.433695 sec,
199,2022-04-01,20:49:59.545391,8551857,task,-1,-,-,-,-,-,-,-,-,1heatmap7_Blues_disc,1heatmap7_Blues_disc_marker_22,1,3,22,3,32,28,2,-19,-4,7.106755 sec,
200,2022-04-01,20:50:08.256513,8551857,task,-1,-,-,-,-,-,-,-,-,2heatmap3_Viridis_cont,2heatmap3_Viridis_cont_marker_12,2,4,12,5,13,35,2,-7,22,8.69979 sec,
201,2022-04-01,20:58:09.092146,8551857,task,-1,-,-,-,-,-,-,-,-,2heatmap3_Viridis_cont,2heatmap3_Viridis_cont_marker_12,2,2,12,2,13,14,0,-10,1,480.81684 sec,
202,2022-04-01,21:02:55.730193,8551857,task,-1,-,-,-,-,-,-,-,-,1heatmap8_Viridis_disc,1heatmap8_Viridis_disc_marker_14,0,3,14,3,50,9,3,-11,-41,286.536261 sec,
203,2022-04-01,21:03:06.799722,8551857,task,-1,-,-,-,-,-,-,-,-,0heatmap5_Viridis_cont,0heatmap5_Viridis_cont_marker_22,0,3,22,3,30,50,3,-19,20,10.946472 sec,
204,2022-04-01,21:03:26.379920,8551857,task,-1,-,-,-,-,-,-,-,-,1heatmap0_Viridis_transposed_cont,1heatmap0_Viridis_cont_marker_26_transposed,0,3,26,3,6,19,3,-23,13,19.402033 sec,
205,2022-04-01,21:04:36.157053,8551857,task,-1,-,-,-,-,-,-,-,-,1heatmap0_Viridis_transposed_cont,1heatmap0_Viridis_cont_marker_26_transposed,0,3,26,3,6,18,3,-23,12,69.767995 sec,
206,2022-04-01,21:04:46.625351,8551857,task,-1,-,-,-,-,-,-,-,-,2heatmap8_Blues_transposed_cont,2heatmap8_Blues_cont_marker_7_transposed,0,3,7,2,27,29,3,-5,2,10.455887 sec,
207,2022-04-01,21:05:02.769762,8551857,task,-1,-,-,-,-,-,-,-,-,0heatmap7_Viridis_disc,0heatmap7_Viridis_disc_marker_10,0,3,10,33,44,30,3,23,-14,16.13646 sec,
208,2022-04-01,21:05:21.933962,8551857,task,-1,-,-,-,-,-,-,-,-,2heatmap2_Viridis_cont,2heatmap2_Viridis_cont_marker_12,0,4,12,4,8,27,4,-8,19,19.151009 sec,
209,2022-04-01,21:05:27.347414,8551857,task,-1,-,-,-,-,-,-,-,-,3heatmap4_Viridis_disc,3heatmap4_Viridis_disc_marker_40,0,4,40,4,19,34,4,-36,15,5.3767 sec,
210,2022-04-01,21:05:37.654936,8551857,task,-1,-,-,-,-,-,-,-,-,1heatmap8_Viridis_transposed_disc,1heatmap8_Viridis_disc_marker_14_transposed,0,4,14,4,43,38,4,-10,-5,10.286297 sec,
211,2022-04-01,21:05:43.954509,8551857,task,-1,-,-,-,-,-,-,-,-,0heatmap9_Blues_disc,0heatmap9_Blues_disc_marker_0,0,4,0,4,45,0,4,4,-45,6.270019 sec,
212,2022-04-01,21:05:49.965016,8551857,task,-1,-,-,-,-,-,-,-,-,2heatmap1_Blues_disc,2heatmap1_Blues_disc_marker_34,0,1,34,4,9,29,1,-30,20,6.003783 sec,
213,2022-04-01,21:05:54.815659,8551857,task,-1,-,-,-,-,-,-,-,-,2heatmap9_Viridis_disc,2heatmap9_Viridis_disc_marker_28,0,4,28,4,5,0,4,-24,-5,4.827135 sec,
214,2022-04-01,21:05:59.253390,8551857,task,-1,-,-,-,-,-,-,-,-,2heatmap6_Blues_disc,2heatmap6_Blues_disc_marker_3,0,4,3,4,17,15,4,1,-2,4.43274 sec,
215,2022-04-01,21:06:03.676286,8551857,task,-1,-,-,-,-,-,-,-,-,2heatmap5_Viridis_disc,2heatmap5_Viridis_disc_marker_20,0,4,20,4,22,40,4,-16,18,4.418259 sec,
216,2022-04-01,21:06:08.536291,8551857,task,-1,-,-,-,-,-,-,-,-,3heatmap1_Viridis_cont,3heatmap1_Viridis_cont_marker_6,0,4,6,4,3,27,4,-2,24,4.849327 sec,
217,2022-04-01,21:06:14.467522,8551857,task,-1,-,-,-,-,-,-,-,-,2heatmap4_Blues_cont,2heatmap4_Blues_cont_marker_26,0,4,26,4,0,0,4,-22,0,5.925146 sec,
218,2022-04-01,21:06:19.129685,8551857,task,-1,-,-,-,-,-,-,-,-,2heatmap7_Viridis_cont,2heatmap7_Viridis_cont_marker_41,0,4,41,4,12,22,4,-37,10,4.652326 sec,
219,2022-04-01,21:06:23.373231,8551857,task,-1,-,-,-,-,-,-,-,-,1heatmap0_Blues_cont,1heatmap0_Blues_cont_marker_26,0,4,26,4,22,3,4,-22,-19,4.236663 sec,
220,2022-04-01,21:06:28.965539,8551857,task,-1,-,-,-,-,-,-,-,-,0heatmap7_Viridis_disc,0heatmap7_Viridis_disc_marker_10,0,4,10,4,13,14,4,-6,1,5.586548 sec,
221,2022-04-01,21:06:34.439019,8551857,task,-1,-,-,-,-,-,-,-,-,0heatmap1_Blues_cont,0heatmap1_Blues_cont_marker_20,0,4,20,4,15,20,4,-16,5,5.451585 sec,
222,2022-04-01,21:06:39.251411,8551857,task,-1,-,-,-,-,-,-,-,-,1heatmap6_Blues_cont,1heatmap6_Blues_cont_marker_17,0,4,17,4,49,29,4,-13,-20,4.805741 sec,
223,2022-04-01,21:06:45.796989,8551857,task,-1,-,-,-,-,-,-,-,-,1heatmap8_Viridis_disc,1heatmap8_Viridis_disc_marker_14,0,4,14,4,27,1,4,-10,-26,6.516977 sec,
224,2022-04-01,21:06:50.411778,8551857,task,-1,-,-,-,-,-,-,-,-,1heatmap2_Blues_disc,1heatmap2_Blues_disc_marker_24,0,4,24,4,10,34,4,-20,24,4.608343 sec,
225,2022-04-01,21:06:55.062976,8551857,task,-1,-,-,-,-,-,-,-,-,1heatmap6_Blues_transposed_cont,1heatmap6_Blues_cont_marker_17_transposed,0,4,17,4,46,11,4,-13,-35,4.645913 sec,
226,2022-04-01,21:07:00.825651,8551857,task,-1,-,-,-,-,-,-,-,-,1heatmap4_Viridis_cont,1heatmap4_Viridis_cont_marker_15,0,5,15,5,46,33,5,-10,-13,5.755994 sec,
227,2022-04-01,21:07:06.256180,8551857,task,-1,-,-,-,-,-,-,-,-,2heatmap8_Blues_cont,2heatmap8_Blues_cont_marker_7,0,5,7,5,7,15,5,-2,8,5.422826 sec,
228,2022-04-01,21:07:23.799747,8551857,task,-1,-,-,-,-,-,-,-,-,1heatmap3_Viridis_disc,1heatmap3_Vi ridis_disc_marker_14,0,3,14,3,11,6,3,-11,-5,17.532286 sec,
229,2022-04-01,21:07:28.477317,8551857,task,-1,-,-,-,-,-,-,-,-,1heatmap5_Blues_transposed_disc,1heatmap5_Blues_disc_marker_0_transposed,0,3,0,3,41,20,3,3,-21,4.672735 sec,
230,2022-04-01,21:08:02.748053,8551857,task,-1,-,-,-,-,-,-,-,-,2heatmap9_Viridis_transposed_disc,2heatmap9_Viridis_disc_marker_28_transposed,0,2,28,2,27,30,2,-26,3,34.264725 sec,
231,2022-04-01,21:08:12.173827,8551857,task,-1,-,-,-,-,-,-,-,-,3heatmap6_Blues_disc,3heatmap6_Blues_disc_marker_27,0,2,27,2,24,17,2,-25,-7,9.398576 sec,
232,2022-04-01,21:09:09.978193,8551857,task,-1,-,-,-,-,-,-,-,-,2heatmap1_Blues_transposed_disc,2heatmap1_Blues_disc_marker_34_transposed,0,3,34,3,50,9,3,-31,-41,57.797734 sec,
233,2022-04-01,21:09:20.227524,8551857,personal_evaluation,-1,-,-,-,-,Strongly agree,Agree,Agree,              44,-,-,-1,-1,-1,-1,-1,-1,-1,-1,-1,-,
234,2022-04-01,21:09:20.249972,8551857,END,-1,-,-,-,-,-,-,-,-,-,-,-1,-1,-1,-1,-1,-1,-1,-1,-1,-,
235,2022-04-02,13:52:54.711103,61669276,task,-1,-,-,-,-,-,-,-,-,0heatmap1_Blues_cont,0heatmap1_Blues_cont_marker_20,0,3,20,3,19,20,3,-17,1,21.907888 sec,
236,2022-04-02,13:53:00.202090,61669276,task,-1,-,-,-,-,-,-,-,-,1heatmap0_Viridis_transposed_cont,1heatmap0_Viridis_cont_marker_41_transposed,1,3,41,3,41,33,2,-38,-8,5.481878 sec,
237,2022-04-02,13:53:05.303327,61669276,task,-1,-,-,-,-,-,-,-,-,3heatmap1_Viridis_cont,3heatmap1_Viridis_cont_marker_6,3,3,6,3,40,15,0,-3,-25,5.094457 sec,
238,2022-04-02,13:53:09.839150,61669276,task,-1,-,-,-,-,-,-,-,-,3heatmap4_Viridis_disc,3heatmap4_Viridis_disc_marker_40,3,3,40,3,17,29,0,-37,12,4.526943 sec,
239,2022-04-02,13:53:13.861768,61669276,task,-1,-,-,-,-,-,-,-,-,1heatmap5_Blues_transposed_disc,1heatmap5_Blues_disc_marker_0_transposed,1,3,0,3,35,34,2,3,-1,4.01561 sec,
240,2022-04-02,13:53:22.507002,61669276,task,-1,-,-,-,-,-,-,-,-,1heatmap8_Viridis_disc,1heatmap8_Viridis_disc_marker_14,1,3,14,3,48,8,2,-11,-40,8.636863 sec,
241,2022-04-02,13:53:28.200020,61669276,task,-1,-,-,-,-,-,-,-,-,1heatmap0_Blues_cont,1heatmap0_Blues_cont_marker_26,1,3,26,3,42,23,2,-23,-19,5.683406 sec,
242,2022-04-02,13:53:32.752976,61669276,task,-1,-,-,-,-,-,-,-,-,2heatmap7_Viridis_cont,2heatmap7_Viridis_cont_marker_41,2,3,41,3,1,0,1,-38,-1,4.546106 sec,
243,2022-04-02,13:53:37.597325,61669276,task,-1,-,-,-,-,-,-,-,-,1heatmap5_Blues_disc,1heatmap5_Blues_disc_marker_0,1,3,0,3,47,18,2,3,-29,4.837409 sec,
244,2022-04-02,13:53:42.037015,61669276,task,-1,-,-,-,-,-,-,-,-,2heatmap6_Blues_disc,2heatmap6_Blues_disc_marker_3,2,3,3,3,1,8,1,0,7,4.434621 sec,
245,2022-04-02,13:53:46.596320,61669276,task,-1,-,-,-,-,-,-,-,-,0heatmap9_Blues_disc,0heatmap9_Blues_disc_marker_0,0,3,0,3,44,8,3,3,-36,4.540168 sec,
246,2022-04-02,13:53:51.376345,61669276,task,-1,-,-,-,-,-,-,-,-,0heatmap5_Viridis_cont,0heatmap5_Viridis_cont_marker_22,0,3,22,3,31,20,3,-19,-11,4.730359 sec,
247,2022-04-02,13:53:55.959683,61669276,task,-1,-,-,-,-,-,-,-,-,1heatmap8_Viridis_transposed_disc,1heatmap8_Viridis_disc_marker_14_transposed,1,3,14,3,33,11,2,-11,-22,4.526972 sec,
248,2022-04-02,13:54:00.849269,61669276,task,-1,-,-,-,-,-,-,-,-,1heatmap0_Viridis_cont,1heatmap0_Viridis_cont_marker_41,1,3,41,3,34,26,2,-38,-8,4.883432 sec,
249,2022-04-02,13:54:05.166880,61669276,task,-1,-,-,-,-,-,-,-,-,2heatmap2_Viridis_cont,2heatmap2_Viridis_cont_marker_12,2,3,12,3,29,7,1,-9,-22,4.309789 sec,
250,2022-04-02,13:54:10.898496,61669276,task,-1,-,-,-,-,-,-,-,-,2heatmap9_Viridis_disc,2heatmap9_Viridis_disc_marker_28,2,3,28,3,4,18,1,-25,14,5.726267 sec,
251,2022-04-02,13:54:14.300387,61669276,task,-1,-,-,-,-,-,-,-,-,0heatmap7_Viridis_disc,0heatmap7_Viridis_disc_marker_10,0,3,10,3,15,20,3,-7,5,3.39676 sec,
252,2022-04-02,13:54:18.902389,61669276,task,-1,-,-,-,-,-,-,-,-,3heatmap5_Blues_cont,3heatmap5_Blues_cont_marker_34,3,33,34,33,40,16,30,-1,-24,4.595386 sec,
253,2022-04-02,13:54:23.958979,61669276,task,-1,-,-,-,-,-,-,-,-,0heatmap7_Viridis_disc,0heatmap7_Viridis_disc_marker_10,0,3,10,3,34,17,3,-7,-17,5.04857 sec,
254,2022-04-02,13:54:27.929480,61669276,task,-1,-,-,-,-,-,-,-,-,2heatmap4_Blues_cont,2heatmap4_Blues_cont_marker_26,2,3,26,3,27,50,1,-23,23,3.962614 sec,
255,2022-04-02,13:54:32.254270,61669276,task,-1,-,-,-,-,-,-,-,-,3heatmap6_Blues_disc,3heatmap6_Blues_disc_marker_27,3,3,27,3,12,15,0,-24,3,4.31612 sec,
256,2022-04-02,13:54:38.348187,61669276,task,-1,-,-,-,-,-,-,-,-,1heatmap6_Blues_cont,1heatmap6_Blues_cont_marker_17,1,3,17,3,40,22,2,-14,-18,6.08494 sec,
257,2022-04-02,13:54:42.631678,61669276,task,-1,-,-,-,-,-,-,-,-,2heatmap7_Viridis_cont,2heatmap7_Viridis_cont_marker_41,2,3,41,3,8,31,1,-38,23,4.273212 sec,
258,2022-04-02,13:55:14.095714,61669276,task,-1,-,-,-,-,-,-,-,-,2heatmap1_Blues_transposed_disc,2heatmap1_Blues_disc_marker_34_transposed,2,2,34,2,24,20,0,-32,-4,31.446453 sec,
259,2022-04-02,13:55:20.391802,61669276,task,-1,-,-,-,-,-,-,-,-,2heatmap8_Blues_cont,2heatmap8_Blues_cont_marker_7,2,2,7,2,12,19,0,-5,7,6.284617 sec,
260,2022-04-02,13:55:25.552380,61669276,task,-1,-,-,-,-,-,-,-,-,2heatmap8_Blues_transposed_cont,2heatmap8_Blues_cont_marker_7_transposed,2,2,7,2,43,35,0,-5,-8,5.146422 sec,
261,2022-04-02,13:55:30.980590,61669276,task,-1,-,-,-,-,-,-,-,-,1heatmap2_Blues_disc,1heatmap2_Blues_disc_marker_24,1,2,24,2,9,0,1,-22,-9,5.417148 sec,
262,2022-04-02,13:55:37.391415,61669276,task,-1,-,-,-,-,-,-,-,-,2heatmap7_Viridis_transposed_cont,2heatmap7_Viridis_cont_marker_41_transposed,2,3,41,3,29,3,1,-38,-26,6.40405 sec,
263,2022-04-02,13:55:42.763068,61669276,task,-1,-,-,-,-,-,-,-,-,1heatmap6_Blues_transposed_cont,1heatmap6_Blues_cont_marker_17_transposed,1,3,17,3,50,0,2,-14,-50,5.367823 sec,
264,2022-04-02,13:55:54.945416,61669276,task,-1,-,-,-,-,-,-,-,-,2heatmap9_Viridis_transposed_disc,2heatmap9_Viridis_disc_marker_28_transposed,2,3,28,3,48,15,1,-25,-33,12.176588 sec,
265,2022-04-02,13:56:00.757535,61669276,task,-1,-,-,-,-,-,-,-,-,2heatmap1_Blues_disc,2heatmap1_Blues_disc_marker_34,2,3,34,3,6,23,1,-31,17,5.805259 sec,
266,2022-04-02,13:56:05.819446,61669276,task,-1,-,-,-,-,-,-,-,-,1heatmap8_Viridis_disc,1heatmap8_Viridis_disc_marker_14,1,3,14,3,32,39,2,-11,7,5.054396 sec,
267,2022-04-02,13:56:12.289576,61669276,task,-1,-,-,-,-,-,-,-,-,1heatmap4_Viridis_cont,1heatmap4_Viridis_cont_marker_15,1,3,15,3,39,0,2,-12,-39,6.46191 sec,
268,2022-04-02,13:56:17.332201,61669276,task,-1,-,-,-,-,-,-,-,-,2heatmap5_Viridis_disc,2heatmap5_Viridis_disc_marker_20,2,3,20,3,38,22,1,-17,-16,5.020369 sec,
269,2022-04-02,13:56:27.808854,61669276,personal_evaluation,-1,-,-,-,-,Agree,Agree,Strongly agree,              2313erf42,-,-,-1,-1,-1,-1,-1,-1,-1,-1,-1,-,
270,2022-04-02,13:56:27.847950,61669276,END,-1,-,-,-,-,-,-,-,-,-,-,-1,-1,-1,-1,-1,-1,-1,-1,-1,-,
271,2022-04-02,14:56:49.868452,9022049,terms_accepted,-1,-,-,-,-,-,-,-,-,-,-,-1,-1,-1,-1,-1,-1,-1,-1,-1,-,
272,2022-04-02,14:57:02.793338,9022049,demographic_survey,55,Male,"Some high school, no diploma",Fair,44,-,-,-,-,-,-,-1,-1,-1,-1,-1,-1,-1,-1,-1,-,
273,2022-04-02,14:57:11.729910,9022049,intro task,-1,-,-,-,-,-,-,-,-,2heatmap0_Blues_disc,2heatmap0_Blues_disc_marker_17,2,0,17,17,33,14,-2,0,-19,7.712662 sec,
274,2022-04-02,14:57:16.379676,9022049,intro task,-1,-,-,-,-,-,-,-,-,1heatmap7_Blues_disc,1heatmap7_Blues_disc_marker_22,1,1,22,27,18,12,0,5,-6,4.640209 sec,
275,2022-04-02,15:04:27.744694,9022049,task,-1,-,-,-,-,-,-,-,-,1heatmap5_Blues_transposed_disc,1heatmap5_Blues_disc_marker_0_transposed,1,3,0,3,19,34,2,3,15,431.355087 sec,
276,2022-04-02,15:08:39.088888,9022049,task,-1,-,-,-,-,-,-,-,-,2heatmap1_Blues_transposed_disc,2heatmap1_Blues_disc_marker_34_transposed,2,5,34,5,42,17,3,-29,-25,251.161216 sec,
277,2022-04-02,15:08:54.169142,9022049,task,-1,-,-,-,-,-,-,-,-,3heatmap5_Blues_cont,3heatmap5_Blues_cont_marker_34,3,4,34,4,37,11,1,-30,-26,14.957723 sec,
278,2022-04-02,15:08:58.845032,9022049,task,-1,-,-,-,-,-,-,-,-,2heatmap9_Viridis_disc,2heatmap9_Viridis_disc_marker_28,2,44,28,4,48,42,42,-24,-6,4.669223 sec,
279,2022-04-02,15:09:07.168599,9022049,task,-1,-,-,-,-,-,-,-,-,1heatmap5_Blues_disc,1heatmap5_Blues_disc_marker_0,1,4,0,4,5,3,3,4,-2,8.317599 sec,
280,2022-04-02,15:09:10.841804,9022049,task,-1,-,-,-,-,-,-,-,-,0heatmap9_Blues_disc,0heatmap9_Blues_disc_marker_0,0,4,0,4,1,6,4,4,5,3.664859 sec,
281,2022-04-02,15:09:14.806982,9022049,task,-1,-,-,-,-,-,-,-,-,2heatmap4_Blues_cont,2heatmap4_Blues_cont_marker_26,2,4,26,4,6,33,2,-22,27,3.960288 sec,
282,2022-04-02,15:09:18.307275,9022049,task,-1,-,-,-,-,-,-,-,-,0heatmap7_Viridis_disc,0heatmap7_Viridis_disc_marker_10,0,4,10,4,16,15,4,-6,-1,3.493354 sec,
283,2022-04-02,15:09:21.722466,9022049,task,-1,-,-,-,-,-,-,-,-,2heatmap6_Blues_disc,2heatmap6_Blues_disc_marker_3,2,4,3,4,34,22,2,1,-12,3.407436 sec,
284,2022-04-02,15:09:25.938184,9022049,task,-1,-,-,-,-,-,-,-,-,1heatmap6_Blues_transposed_cont,1heatmap6_Blues_cont_marker_17_transposed,1,4,17,4,33,8,3,-13,-25,4.208839 sec,
285,2022-04-02,15:09:30.463474,9022049,task,-1,-,-,-,-,-,-,-,-,2heatmap5_Viridis_disc,2heatmap5_Viridis_disc_marker_20,2,4,20,4,45,41,2,-16,-4,4.516117 sec,
286,2022-04-02,15:09:33.970184,9022049,task,-1,-,-,-,-,-,-,-,-,2heatmap7_Viridis_cont,2heatmap7_Viridis_cont_marker_41,2,4,41,4,31,33,2,-37,2,3.500025 sec,
287,2022-04-02,15:09:38.569393,9022049,task,-1,-,-,-,-,-,-,-,-,2heatmap8_Blues_transposed_cont,2heatmap8_Blues_cont_marker_7_transposed,2,44,7,4,16,23,42,-3,7,4.59214 sec,
288,2022-04-02,15:09:42.937223,9022049,task,-1,-,-,-,-,-,-,-,-,2heatmap7_Viridis_transposed_cont,2heatmap7_Viridis_cont_marker_41_transposed,2,4,41,4,27,35,2,-37,8,4.35967 sec,
289,2022-04-02,15:11:47.106030,9022049,task,-1,-,-,-,-,-,-,-,-,1heatmap5_Blues_transposed_disc,1heatmap5_Blues_disc_marker_0_transposed,1,2,0,2,19,22,1,2,3,124.158277 sec,
290,2022-04-02,15:12:39.023318,9022049,task,-1,-,-,-,-,-,-,-,-,2heatmap8_Blues_transposed_cont,2heatmap8_Blues_cont_marker_7_transposed,2,2,7,2,16,0,0,-5,-16,51.821431 sec,
291,2022-04-02,15:12:45.161938,9022049,task,-1,-,-,-,-,-,-,-,-,2heatmap7_Viridis_transposed_cont,2heatmap7_Viridis_cont_marker_41_transposed,2,2,41,2,27,17,0,-39,-10,6.096998 sec,
292,2022-04-02,15:13:09.528925,9022049,task,-1,-,-,-,-,-,-,-,-,2heatmap9_Viridis_transposed_disc,2heatmap9_Viridis_disc_marker_28_transposed,2,3,28,3,19,15,1,-25,-4,24.360067 sec,
293,2022-04-02,15:14:39.909935,9022049,task,-1,-,-,-,-,-,-,-,-,2heatmap7_Viridis_transposed_cont,2heatmap7_Viridis_cont_marker_41_transposed,2,2,41,2,27,3,0,-39,-24,90.374664 sec,
294,2022-04-02,15:17:22.557671,9022049,task,-1,-,-,-,-,-,-,-,-,2heatmap9_Viridis_transposed_disc,2heatmap9_Viridis_disc_marker_28_transposed,2,2,28,2,19,15,0,-26,-4,162.641195 sec,
295,2022-04-02,15:57:08.365120,33320217,terms_accepted,-1,-,-,-,-,-,-,-,-,-,-,-1,-1,-1,-1,-1,-1,-1,-1,-1,-,
296,2022-04-02,15:57:19.731851,33320217,demographic_survey,22,Male,No schooling completed,Excellent,22,-,-,-,-,-,-,-1,-1,-1,-1,-1,-1,-1,-1,-1,-,
297,2022-04-02,15:57:24.931488,33320217,intro task,-1,-,-,-,-,-,-,-,-,2heatmap0_Blues_disc,2heatmap0_Blues_disc_marker_17,2,2,17,17,0,38,0,0,38,4.029303 sec,
298,2022-04-02,15:57:31.238484,33320217,intro task,-1,-,-,-,-,-,-,-,-,1heatmap1_Blues_cont,1heatmap1_Blues_cont_marker_7,1,0,7,5,26,14,-1,-2,-12,6.29864 sec,
299,2022-04-02,19:08:04.060782,35301475,terms_accepted,-1,-,-,-,-,-,-,-,-,-,-,-1,-1,-1,-1,-1,-1,-1,-1,-1,-,
300,2022-04-02,19:08:18.667788,35301475,demographic_survey,44,Female,"High school graduate, diploma or the equivalent",Excellent,12,-,-,-,-,-,-,-1,-1,-1,-1,-1,-1,-1,-1,-1,-,
301,2022-04-02,19:08:24.705183,35301475,intro task,-1,-,-,-,-,-,-,-,-,2heatmap0_Blues_disc,2heatmap0_Blues_disc_marker_17,2,0,17,15,40,17,-2,-2,-23,4.932729 sec,
302,2022-04-02,19:08:28.791336,35301475,intro task,-1,-,-,-,-,-,-,-,-,2heatmap3_Viridis_cont,2heatmap3_Viridis_cont_marker_12,2,1,12,12,37,39,-1,0,2,4.076769 sec,
303,2022-04-02,19:08:33.480573,35301475,intro task,-1,-,-,-,-,-,-,-,-,3heatmap3_Viridis_cont,3heatmap3_Viridis_cont_marker_0,3,1,0,2,12,13,-2,2,1,4.681322 sec,
304,2022-04-02,19:08:37.167717,35301475,intro task,-1,-,-,-,-,-,-,-,-,1heatmap7_Blues_disc,1heatmap7_Blues_disc_marker_22,1,4,22,22,7,37,3,0,30,3.668631 sec,
305,2022-04-02,19:08:41.273874,35301475,intro task,-1,-,-,-,-,-,-,-,-,1heatmap1_Blues_cont,1heatmap1_Blues_cont_marker_7,1,0,7,3,6,21,-1,-4,15,4.097928 sec,
306,2022-04-02,19:08:57.651777,35301475,task,-1,-,-,-,-,-,-,-,-,2heatmap9_Viridis_transposed_disc,2heatmap9_Viridis_disc_marker_28_transposed,2,2,28,2,31,23,0,-26,-8,15.094621 sec,
307,2022-04-02,19:09:03.456027,35301475,task,-1,-,-,-,-,-,-,-,-,1heatmap0_Blues_cont,1heatmap0_Blues_cont_marker_26,1,2,26,2,18,33,1,-24,15,5.795493 sec,
308,2022-04-02,19:09:07.097445,35301475,task,-1,-,-,-,-,-,-,-,-,1heatmap6_Blues_cont,1heatmap6_Blues_cont_marker_17,1,2,17,2,3,8,1,-15,5,3.631273 sec,
309,2022-04-02,19:09:11.594860,35301475,task,-1,-,-,-,-,-,-,-,-,0heatmap7_Viridis_disc,0heatmap7_Viridis_disc_marker_10,0,22,10,2,37,22,22,-8,-15,4.490731 sec,
310,2022-04-02,19:09:15.161761,35301475,task,-1,-,-,-,-,-,-,-,-,2heatmap7_Viridis_transposed_cont,2heatmap7_Viridis_cont_marker_41_transposed,2,2,41,2,40,33,0,-39,-7,3.560547 sec,
311,2022-04-02,19:09:18.756360,35301475,task,-1,-,-,-,-,-,-,-,-,1heatmap0_Viridis_cont,1heatmap0_Viridis_cont_marker_41,1,2,41,2,22,16,1,-39,-6,3.586152 sec,
312,2022-04-02,19:09:22.807981,35301475,task,-1,-,-,-,-,-,-,-,-,1heatmap5_Blues_transposed_disc,1heatmap5_Blues_disc_marker_0_transposed,1,2,0,2,13,14,1,2,1,4.045221 sec,
313,2022-04-02,19:09:26.732510,35301475,task,-1,-,-,-,-,-,-,-,-,2heatmap1_Blues_transposed_disc,2heatmap1_Blues_disc_marker_34_transposed,2,2,34,2,2,4,0,-32,2,3.919552 sec,
314,2022-04-02,19:09:30.250618,35301475,task,-1,-,-,-,-,-,-,-,-,1heatmap5_Blues_disc,1heatmap5_Blues_disc_marker_0,1,2,0,2,45,20,1,2,-25,3.512026 sec,
315,2022-04-02,19:09:33.627448,35301475,task,-1,-,-,-,-,-,-,-,-,2heatmap1_Blues_disc,2heatmap1_Blues_disc_marker_34,2,2,34,2,49,17,0,-32,-32,3.365735 sec,
316,2022-04-02,19:09:37.281363,35301475,task,-1,-,-,-,-,-,-,-,-,3heatmap6_Blues_disc,3heatmap6_Blues_disc_marker_27,3,2,27,2,32,24,-1,-25,-8,3.647197 sec,
317,2022-04-02,19:09:40.563576,35301475,task,-1,-,-,-,-,-,-,-,-,1heatmap3_Viridis_disc,1heatmap3_Viridis_disc_marker_14,1,2,14,2,14,11,1,-12,-3,3.261222 sec,
318,2022-04-02,19:09:43.930781,35301475,task,-1,-,-,-,-,-,-,-,-,1heatmap6_Blues_transposed_cont,1heatmap6_Blues_cont_marker_17_transposed,1,2,17,2,22,14,1,-15,-8,3.312366 sec,
319,2022-04-02,19:09:53.096828,35301475,task,-1,-,-,-,-,-,-,-,-,2heatmap4_Blues_cont,2heatmap4_Blues_cont_marker_26,2,22,26,2,27,14,20,-24,-13,9.159974 sec,
320,2022-04-02,19:09:56.720246,35301475,task,-1,-,-,-,-,-,-,-,-,2heatmap8_Blues_cont,2heatmap8_Blues_cont_marker_7,2,2,7,2,20,25,0,-5,5,3.609612 sec,
321,2022-04-02,19:10:01.176911,35301475,task,-1,-,-,-,-,-,-,-,-,3heatmap5_Blues_cont,3heatmap5_Blues_cont_marker_34,3,22,34,2,15,21,19,-32,6,4.450093 sec,
322,2022-04-02,19:10:05.258004,35301475,task,-1,-,-,-,-,-,-,-,-,1heatmap8_Viridis_disc,1heatmap8_Viridis_disc_marker_14,1,2,14,2,0,20,1,-12,20,4.071386 sec,
323,2022-04-02,19:10:09.031116,35301475,task,-1,-,-,-,-,-,-,-,-,1heatmap0_Viridis_transposed_cont,1heatmap0_Viridis_cont_marker_41_transposed,1,2,41,2,27,25,1,-39,-2,3.765841 sec,
324,2022-04-02,19:10:12.719588,35301475,task,-1,-,-,-,-,-,-,-,-,0heatmap7_Viridis_disc,0heatmap7_Viridis_disc_marker_10,0,2,10,2,44,20,2,-8,-24,3.682548 sec,
325,2022-04-02,19:10:17.318977,35301475,task,-1,-,-,-,-,-,-,-,-,0heatmap5_Viridis_cont,0heatmap5_Viridis_cont_marker_22,0,2,22,2,43,33,2,-20,-10,4.592823 sec,
326,2022-04-02,19:10:22.576872,35301475,task,-1,-,-,-,-,-,-,-,-,2heatmap7_Viridis_cont,2heatmap7_Viridis_cont_marker_41,2,2,41,2,22,14,0,-39,-8,5.251244 sec,
327,2022-04-02,19:10:27.465982,35301475,task,-1,-,-,-,-,-,-,-,-,1heatmap2_Blues_disc,1heatmap2_Blues_disc_marker_24,1,2,24,2,3,0,1,-22,-3,4.881557 sec,
328,2022-04-02,19:10:33.458067,35301475,task,-1,-,-,-,-,-,-,-,-,3heatmap1_Viridis_cont,3heatmap1_Viridis_cont_marker_6,3,2,6,2,44,25,-1,-4,-19,5.98372 sec,
329,2022-04-02,19:10:37.619025,35301475,task,-1,-,-,-,-,-,-,-,-,1heatmap8_Viridis_transposed_disc,1heatmap8_Viridis_disc_marker_14_transposed,1,2,14,2,29,25,1,-12,-4,4.154231 sec,
330,2022-04-02,19:10:43.007148,35301475,task,-1,-,-,-,-,-,-,-,-,0heatmap9_Blues_disc,0heatmap9_Blues_disc_marker_0,0,2,0,2,9,10,2,2,1,5.358244 sec,
331,2022-04-02,19:10:47.459212,35301475,task,-1,-,-,-,-,-,-,-,-,2heatmap2_Viridis_cont,2heatmap2_Viridis_cont_marker_12,2,2,12,2,19,0,0,-10,-19,4.440764 sec,
332,2022-04-02,19:10:51.192889,35301475,task,-1,-,-,-,-,-,-,-,-,2heatmap6_Blues_disc,2heatmap6_Blues_disc_marker_3,2,2,3,2,34,6,0,-1,-28,3.726684 sec,
333,2022-04-02,19:10:54.530344,35301475,task,-1,-,-,-,-,-,-,-,-,1heatmap8_Viridis_disc,1heatmap8_Viridis_disc_marker_14,1,2,14,2,31,34,1,-12,3,3.327255 sec,
334,2022-04-02,19:10:57.857434,35301475,task,-1,-,-,-,-,-,-,-,-,1heatmap4_Viridis_cont,1heatmap4_Viridis_cont_marker_15,1,2,15,2,25,22,1,-13,-3,3.320582 sec,
335,2022-04-02,19:11:01.184144,35301475,task,-1,-,-,-,-,-,-,-,-,2heatmap7_Viridis_cont,2heatmap7_Viridis_cont_marker_41,2,2,41,2,28,28,0,-39,0,3.320892 sec,
336,2022-04-02,19:11:04.846527,35301475,task,-1,-,-,-,-,-,-,-,-,0heatmap1_Blues_cont,0heatmap1_Blues_cont_marker_20,0,2,20,2,24,28,2,-18,4,3.653757 sec,
337,2022-04-02,19:11:08.015926,35301475,task,-1,-,-,-,-,-,-,-,-,2heatmap5_Viridis_disc,2heatmap5_Viridis_disc_marker_20,2,2,20,2,4,32,0,-18,28,3.164276 sec,
338,2022-04-02,19:11:11.812994,35301475,task,-1,-,-,-,-,-,-,-,-,2heatmap9_Viridis_disc,2heatmap9_Viridis_disc_marker_28,2,2,28,2,36,31,0,-26,-5,3.790201 sec,
339,2022-04-02,19:11:15.941912,35301475,task,-1,-,-,-,-,-,-,-,-,3heatmap4_Viridis_disc,3heatmap4_Viridis_disc_marker_40,3,2,40,2,8,36,-1,-38,28,4.118472 sec,
340,2022-04-02,19:11:19.262506,35301475,task,-1,-,-,-,-,-,-,-,-,2heatmap8_Blues_transposed_cont,2heatmap8_Blues_cont_marker_7_transposed,2,2,7,2,35,0,0,-5,-35,3.311194 sec,
341,2022-04-02,19:12:13.059189,35301475,personal_evaluation,-1,-,-,-,-,Agree,Agree,Strongly agree,              22,-,-,-1,-1,-1,-1,-1,-1,-1,-1,-1,-,
342,2022-04-02,19:12:13.205836,35301475,END,-1,-,-,-,-,-,-,-,-,-,-,-1,-1,-1,-1,-1,-1,-1,-1,-1,-,
343,2022-04-02,19:12:56.507981,35301475,personal_evaluation,-1,-,-,-,-,Agree,Agree,Strongly agree,              22,-,-,-1,-1,-1,-1,-1,-1,-1,-1,-1,-,
344,2022-04-02,19:12:56.727928,35301475,END,-1,-,-,-,-,-,-,-,-,-,-,-1,-1,-1,-1,-1,-1,-1,-1,-1,-,
345,2022-04-02,19:15:06.159133,2977771,terms_accepted,-1,-,-,-,-,-,-,-,-,-,-,-1,-1,-1,-1,-1,-1,-1,-1,-1,-,
346,2022-04-02,19:15:18.968714,2977771,demographic_survey,22,Female,No schooling completed,Excellent,22,-,-,-,-,-,-,-1,-1,-1,-1,-1,-1,-1,-1,-1,-,
347,2022-04-02,19:15:25.674310,2977771,intro task,-1,-,-,-,-,-,-,-,-,1heatmap1_Blues_cont,1heatmap1_Blues_cont_marker_7,1,0,7,3,26,14,-1,-4,-12,5.37324 sec,
348,2022-04-02,19:15:29.451508,2977771,intro task,-1,-,-,-,-,-,-,-,-,2heatmap0_Blues_disc,2heatmap0_Blues_disc_marker_17,2,2,17,15,4,38,0,-2,34,3.767699 sec,
349,2022-04-02,19:15:33.614039,2977771,intro task,-1,-,-,-,-,-,-,-,-,3heatmap3_Viridis_cont,3heatmap3_Viridis_cont_marker_0,3,4,0,0,34,30,1,0,-4,4.149203 sec,
350,2022-04-02,19:15:37.545386,2977771,intro task,-1,-,-,-,-,-,-,-,-,2heatmap3_Viridis_cont,2heatmap3_Viridis_cont_marker_12,2,1,12,12,22,20,-1,0,-2,3.921394 sec,
351,2022-04-02,19:15:41.256428,2977771,intro task,-1,-,-,-,-,-,-,-,-,1heatmap7_Blues_disc,1heatmap7_Blues_disc_marker_22,1,4,22,27,5,8,3,5,3,3.702048 sec,
352,2022-04-02,19:15:48.341449,2977771,task,-1,-,-,-,-,-,-,-,-,1heatmap3_Viridis_disc,1heatmap3_Viridis_disc_marker_14,1,2,14,2,11,24,1,-12,13,5.47572 sec,
353,2022-04-02,19:15:52.690693,2977771,task,-1,-,-,-,-,-,-,-,-,0heatmap7_Viridis_disc,0heatmap7_Viridis_disc_marker_10,0,2,10,2,43,38,2,-8,-5,4.339497 sec,
354,2022-04-02,19:15:56.312777,2977771,task,-1,-,-,-,-,-,-,-,-,2heatmap9_Viridis_disc,2heatmap9_Viridis_disc_marker_28,2,2,28,2,36,18,0,-26,-18,3.614341 sec,
355,2022-04-02,19:15:59.768039,2977771,task,-1,-,-,-,-,-,-,-,-,1heatmap0_Viridis_transposed_cont,1heatmap0_Viridis_cont_marker_41_transposed,1,2,41,2,11,23,1,-39,12,3.447992 sec,
356,2022-04-02,19:16:02.896234,2977771,task,-1,-,-,-,-,-,-,-,-,2heatmap7_Viridis_transposed_cont,2heatmap7_Viridis_cont_marker_41_transposed,2,2,41,2,5,0,0,-39,-5,3.121946 sec,
357,2022-04-02,19:16:06.220445,2977771,task,-1,-,-,-,-,-,-,-,-,1heatmap5_Blues_transposed_disc,1heatmap5_Blues_disc_marker_0_transposed,1,2,0,2,41,6,1,2,-35,3.318653 sec,
358,2022-04-02,19:16:10.608198,2977771,task,-1,-,-,-,-,-,-,-,-,0heatmap5_Viridis_cont,0heatmap5_Viridis_cont_marker_22,0,2,22,2,20,8,2,-20,-12,4.377076 sec,
359,2022-04-02,19:16:14.583602,2977771,task,-1,-,-,-,-,-,-,-,-,2heatmap7_Viridis_cont,2heatmap7_Viridis_cont_marker_41,2,2,41,2,31,22,0,-39,-9,3.960109 sec,
360,2022-04-02,19:16:17.953363,2977771,task,-1,-,-,-,-,-,-,-,-,1heatmap2_Blues_disc,1heatmap2_Blues_disc_marker_24,1,2,24,2,2,26,1,-22,24,3.363929 sec,
361,2022-04-02,19:16:21.200354,2977771,task,-1,-,-,-,-,-,-,-,-,0heatmap7_Viridis_disc,0heatmap7_Viridis_disc_marker_10,0,2,10,2,13,27,2,-8,14,3.240715 sec,
362,2022-04-02,19:16:26.071082,2977771,task,-1,-,-,-,-,-,-,-,-,2heatmap7_Viridis_cont,2heatmap7_Viridis_cont_marker_41,2,22,41,2,9,0,20,-39,-9,4.865262 sec,
363,2022-04-02,19:16:30.443273,2977771,task,-1,-,-,-,-,-,-,-,-,1heatmap8_Viridis_disc,1heatmap8_Viridis_disc_marker_14,1,22,14,2,10,26,21,-12,16,4.365643 sec,
364,2022-04-02,19:16:35.044459,2977771,task,-1,-,-,-,-,-,-,-,-,1heatmap0_Viridis_cont,1heatmap0_Viridis_cont_marker_41,1,22,41,2,40,0,21,-39,-40,4.595204 sec,
365,2022-04-02,19:16:38.536488,2977771,task,-1,-,-,-,-,-,-,-,-,0heatmap9_Blues_disc,0heatmap9_Blues_disc_marker_0,0,2,0,2,39,34,2,2,-5,3.486127 sec,
366,2022-04-02,19:16:41.971488,2977771,task,-1,-,-,-,-,-,-,-,-,1heatmap6_Blues_transposed_cont,1heatmap6_Blues_cont_marker_17_transposed,1,2,17,2,32,20,1,-15,-12,3.428951 sec,
367,2022-04-02,19:16:47.804141,2977771,task,-1,-,-,-,-,-,-,-,-,3heatmap6_Blues_disc,3heatmap6_Blues_disc_marker_27,3,2,27,2,30,16,-1,-25,-14,5.825633 sec,
368,2022-04-02,19:16:52.294434,2977771,task,-1,-,-,-,-,-,-,-,-,1heatmap4_Viridis_cont,1heatmap4_Viridis_cont_marker_15,1,2,15,2,44,0,1,-13,-44,4.484803 sec,
369,2022-04-02,19:16:56.299043,2977771,task,-1,-,-,-,-,-,-,-,-,1heatmap8_Viridis_disc,1heatmap8_Viridis_disc_marker_14,1,2,14,2,32,7,1,-12,-25,3.996981 sec,
370,2022-04-02,19:16:59.905191,2977771,task,-1,-,-,-,-,-,-,-,-,2heatmap6_Blues_disc,2heatmap6_Blues_disc_marker_3,2,2,3,2,14,30,0,-1,16,3.599115 sec,
371,2022-04-02,19:17:03.978273,2977771,task,-1,-,-,-,-,-,-,-,-,1heatmap6_Blues_cont,1heatmap6_Blues_cont_marker_17,1,2,17,2,22,39,1,-15,17,4.066883 sec,
372,2022-04-02,19:17:08.161097,2977771,task,-1,-,-,-,-,-,-,-,-,1heatmap8_Viridis_transposed_disc,1heatmap8_Viridis_disc_marker_14_transposed,1,2,14,2,19,5,1,-12,-14,4.174662 sec,
373,2022-04-02,19:17:12.621675,2977771,task,-1,-,-,-,-,-,-,-,-,1heatmap0_Blues_cont,1heatmap0_Blues_cont_marker_26,1,2,26,2,13,2,1,-24,-11,4.453779 sec,
374,2022-04-02,19:17:16.032826,2977771,task,-1,-,-,-,-,-,-,-,-,3heatmap1_Viridis_cont,3heatmap1_Viridis_cont_marker_6,3,2,6,2,38,13,-1,-4,-25,3.404303 sec,
375,2022-04-02,19:17:19.300214,2977771,task,-1,-,-,-,-,-,-,-,-,3heatmap4_Viridis_disc,3heatmap4_Viridis_disc_marker_40,3,2,40,2,43,28,-1,-38,-15,3.260315 sec,
376,2022-04-02,19:17:23.648190,2977771,task,-1,-,-,-,-,-,-,-,-,0heatmap1_Blues_cont,0heatmap1_Blues_cont_marker_20,0,2,20,2,19,12,2,-18,-7,4.342299 sec,
377,2022-04-02,19:17:26.748540,2977771,task,-1,-,-,-,-,-,-,-,-,2heatmap1_Blues_transposed_disc,2heatmap1_Blues_disc_marker_34_transposed,2,2,34,2,29,15,0,-32,-14,3.094056 sec,
378,2022-04-02,19:17:29.830425,2977771,task,-1,-,-,-,-,-,-,-,-,2heatmap1_Blues_disc,2heatmap1_Blues_disc_marker_34,2,2,34,2,1,18,0,-32,17,3.075621 sec,
379,2022-04-02,19:17:32.678422,2977771,task,-1,-,-,-,-,-,-,-,-,1heatmap5_Blues_disc,1heatmap5_Blues_disc_marker_0,1,2,0,2,37,22,1,2,-15,2.842511 sec,
380,2022-04-02,19:17:37.070736,2977771,task,-1,-,-,-,-,-,-,-,-,2heatmap8_Blues_transposed_cont,2heatmap8_Blues_cont_marker_7_transposed,2,2,7,2,31,30,0,-5,-1,4.383085 sec,
381,2022-04-02,19:17:42.727033,2977771,task,-1,-,-,-,-,-,-,-,-,2heatmap2_Viridis_cont,2heatmap2_Viridis_cont_marker_12,2,2,12,2,23,18,0,-10,-5,5.649527 sec,
382,2022-04-02,19:17:45.926740,2977771,task,-1,-,-,-,-,-,-,-,-,2heatmap8_Blues_cont,2heatmap8_Blues_cont_marker_7,2,2,7,2,41,0,0,-5,-41,3.193172 sec,
383,2022-04-02,19:17:48.780155,2977771,task,-1,-,-,-,-,-,-,-,-,3heatmap5_Blues_cont,3heatmap5_Blues_cont_marker_34,3,2,34,2,39,30,-1,-32,-9,2.847566 sec,
384,2022-04-02,19:18:17.217330,2977771,task,-1,-,-,-,-,-,-,-,-,2heatmap9_Viridis_transposed_disc,2heatmap9_Viridis_disc_marker_28_transposed,2,3,28,3,23,47,1,-25,24,28.430941 sec,
385,2022-04-02,19:18:22.029225,2977771,task,-1,-,-,-,-,-,-,-,-,2heatmap5_Viridis_disc,2heatmap5_Viridis_disc_marker_20,2,3,20,3,19,12,1,-17,-7,4.798362 sec,
386,2022-04-02,19:18:26.636189,2977771,task,-1,-,-,-,-,-,-,-,-,2heatmap4_Blues_cont,2heatmap4_Blues_cont_marker_26,2,3,26,3,50,14,1,-23,-36,4.600644 sec,
387,2022-04-02,19:18:37.148942,2977771,personal_evaluation,-1,-,-,-,-,Agree,Strongly agree,Agree,              LOOOOL,-,-,-1,-1,-1,-1,-1,-1,-1,-1,-1,-,
388,2022-04-02,19:18:37.158784,2977771,END,-1,-,-,-,-,-,-,-,-,-,-,-1,-1,-1,-1,-1,-1,-1,-1,-1,-,
389,2022-04-03,11:11:15.398976,41584125,terms_accepted,-1,-,-,-,-,-,-,-,-,-,-,-1,-1,-1,-1,-1,-1,-1,-1,-1,-,
390,2022-04-03,11:11:34.789476,41584125,demographic_survey,99,Female,No schooling completed,Excellent,13,-,-,-,-,-,-,-1,-1,-1,-1,-1,-1,-1,-1,-1,-,
391,2022-04-03,11:12:03.843186,41584125,intro task,-1,-,-,-,-,-,-,-,-,2heatmap0_Blues_disc,2heatmap0_Blues_disc_marker_17,2,0,17,17,47,43,-2,0,-4,27.900493 sec,
392,2022-04-03,11:12:22.743306,41584125,intro task,-1,-,-,-,-,-,-,-,-,1heatmap1_Blues_cont,1heatmap1_Blues_cont_marker_7,1,0,7,5,37,41,-1,-2,4,18.88864 sec,
393,2022-04-03,11:12:36.818492,41584125,intro task,-1,-,-,-,-,-,-,-,-,2heatmap3_Viridis_cont,2heatmap3_Viridis_cont_marker_12,2,4,12,12,19,34,2,0,15,14.06041 sec,
394,2022-04-03,11:12:44.963869,41584125,intro task,-1,-,-,-,-,-,-,-,-,3heatmap3_Viridis_cont,3heatmap3_Viridis_cont_marker_0,3,1,0,2,34,28,-2,2,-6,8.133147 sec,
395,2022-04-03,11:13:29.070477,41584125,intro task,-1,-,-,-,-,-,-,-,-,1heatmap7_Blues_disc,1heatmap7_Blues_disc_marker_22,1,4,22,22,47,46,3,0,-1,44.09691 sec,
396,2022-04-03,11:34:39.040013,66387001,terms_accepted,-1,-,-,-,-,-,-,-,-,-,-,-1,-1,-1,-1,-1,-1,-1,-1,-1,-,
397,2022-04-03,11:34:50.691491,66387001,demographic_survey,99,Male,"Some high school, no diploma",Good,13,-,-,-,-,-,-,-1,-1,-1,-1,-1,-1,-1,-1,-1,-,
398,2022-04-03,11:35:05.651931,66387001,intro task,-1,-,-,-,-,-,-,-,-,2heatmap3_Viridis_cont,2heatmap3_Viridis_cont_marker_12,2,4,12,15,11,18,2,3,7,13.661713 sec,
399,2022-04-03,11:35:16.789134,66387001,intro task,-1,-,-,-,-,-,-,-,-,2heatmap0_Blues_disc,2heatmap0_Blues_disc_marker_17,2,0,17,17,38,21,-2,0,-17,11.124728 sec,
400,2022-04-03,11:35:33.250997,66387001,intro task,-1,-,-,-,-,-,-,-,-,3heatmap3_Viridis_cont,3heatmap3_Viridis_cont_marker_0,3,4,0,0,17,7,1,0,-10,16.450559 sec,
401,2022-04-03,11:35:47.575562,66387001,intro task,-1,-,-,-,-,-,-,-,-,1heatmap6_Blues_transposed_cont,1heatmap6_Blues_cont_marker_17_transposed,1,2,17,20,50,21,1,3,-29,14.312486 sec,
402,2022-04-03,11:37:25.601014,32539494,terms_accepted,-1,-,-,-,-,-,-,-,-,-,-,-1,-1,-1,-1,-1,-1,-1,-1,-1,-,
403,2022-04-03,11:37:39.039826,32539494,demographic_survey,22,Female,"Some high school, no diploma",Excellent,13,-,-,-,-,-,-,-1,-1,-1,-1,-1,-1,-1,-1,-1,-,
404,2022-04-03,11:37:45.446745,32539494,intro task,-1,-,-,-,-,-,-,-,-,2heatmap3_Viridis_cont,2heatmap3_Viridis_cont_marker_12,2,4,12,15,13,38,2,3,25,5.116614 sec,
405,2022-04-03,11:37:49.202393,32539494,intro task,-1,-,-,-,-,-,-,-,-,2heatmap0_Blues_disc,2heatmap0_Blues_disc_marker_17,2,0,17,17,31,38,-2,0,7,3.747439 sec,
406,2022-04-03,11:37:53.115512,32539494,intro task,-1,-,-,-,-,-,-,-,-,3heatmap3_Viridis_cont,3heatmap3_Viridis_cont_marker_0,3,1,0,2,26,14,-2,2,-12,3.902474 sec,
407,2022-04-03,11:39:11.233586,32539494,intro task,-1,-,-,-,-,-,-,-,-,1heatmap6_Blues_transposed_cont,1heatmap6_Blues_cont_marker_17_transposed,1,0,17,17,32,24,-1,0,-8,78.106169 sec,
408,2022-04-03,11:41:10.718119,32539494,intro task,-1,-,-,-,-,-,-,-,-,1heatmap6_Blues_transposed_cont,1heatmap6_Blues_cont_marker_17_transposed,1,2,17,15,32,8,1,-2,-24,119.454588 sec,
409,2022-04-03,11:42:06.521922,32539494,intro task,-1,-,-,-,-,-,-,-,-,1heatmap6_Blues_transposed_cont,1heatmap6_Blues_cont_marker_17_transposed,1,2,17,17,32,41,1,0,9,55.771669 sec,
410,2022-04-03,11:42:55.018240,32539494,intro task,-1,-,-,-,-,-,-,-,-,1heatmap6_Blues_transposed_cont,1heatmap6_Blues_cont_marker_17_transposed,1,0,17,17,32,11,-1,0,-21,48.48119 sec,
411,2022-04-03,11:49:08.726697,32539494,intro task,-1,-,-,-,-,-,-,-,-,1heatmap6_Blues_transposed_cont,1heatmap6_Blues_cont_marker_17_transposed,1,2,17,15,32,1,1,-2,-31,373.694196 sec,
412,2022-04-03,11:50:18.646171,32539494,intro task,-1,-,-,-,-,-,-,-,-,1heatmap6_Blues_transposed_cont,1heatmap6_Blues_cont_marker_17_transposed,1,2,17,15,32,11,1,-2,-21,69.806455 sec,
413,2022-04-03,11:51:43.233713,32539494,intro task,-1,-,-,-,-,-,-,-,-,1heatmap6_Blues_transposed_cont,1heatmap6_Blues_cont_marker_17_transposed,1,0,17,17,32,11,-1,0,-21,84.569326 sec,
414,2022-04-03,11:52:15.165167,32539494,intro task,-1,-,-,-,-,-,-,-,-,1heatmap1_Blues_cont,1heatmap1_Blues_cont_marker_7,1,2,7,3,24,47,1,-4,23,31.911935 sec,
415,2022-04-03,11:57:14.814377,32539494,intro task,-1,-,-,-,-,-,-,-,-,1heatmap6_Blues_transposed_cont,1heatmap6_Blues_cont_marker_17_transposed,1,0,17,17,32,11,-1,0,-21,299.637507 sec,
416,2022-04-03,11:59:13.648023,32539494,intro task,-1,-,-,-,-,-,-,-,-,2heatmap0_Blues_disc,2heatmap0_Blues_disc_marker_17,2,0,17,17,31,20,-2,0,-11,118.721729 sec,
417,2022-04-03,11:59:44.783850,32539494,intro task,-1,-,-,-,-,-,-,-,-,3heatmap3_Viridis_cont,3heatmap3_Viridis_cont_marker_0,3,4,0,0,26,0,1,0,-26,31.112099 sec,
418,2022-04-03,12:00:07.191494,32539494,intro task,-1,-,-,-,-,-,-,-,-,1heatmap6_Blues_transposed_cont,1heatmap6_Blues_cont_marker_17_transposed,1,0,17,17,32,11,-1,0,-21,22.393819 sec,
419,2022-04-03,12:01:07.579537,32539494,intro task,-1,-,-,-,-,-,-,-,-,1heatmap6_Blues_transposed_cont,1heatmap6_Blues_cont_marker_17_transposed,1,0,17,17,32,21,-1,0,-11,60.377521 sec,
420,2022-04-03,12:01:49.808970,32539494,intro task,-1,-,-,-,-,-,-,-,-,1heatmap6_Blues_transposed_cont,1heatmap6_Blues_cont_marker_17_transposed,1,0,17,17,32,21,-1,0,-11,42.197512 sec,
421,2022-04-03,12:03:10.830323,32539494,intro task,-1,-,-,-,-,-,-,-,-,1heatmap6_Blues_transposed_cont,1heatmap6_Blues_cont_marker_17_transposed,1,0,17,15,32,30,-1,-2,-2,81.003535 sec,
422,2022-04-03,12:04:21.880504,32539494,intro task,-1,-,-,-,-,-,-,-,-,2heatmap0_Blues_disc,2heatmap0_Blues_disc_marker_17,2,2,17,20,31,23,0,3,-8,71.015931 sec,
423,2022-04-03,12:04:30.719609,32539494,intro task,-1,-,-,-,-,-,-,-,-,3heatmap3_Viridis_cont,3heatmap3_Viridis_cont_marker_0,3,0,0,10,26,0,-3,10,-26,8.827571 sec,
424,2022-04-03,12:04:38.174435,32539494,intro task,-1,-,-,-,-,-,-,-,-,1heatmap6_Blues_transposed_cont,1heatmap6_Blues_cont_marker_17_transposed,1,2,17,20,32,4,1,3,-28,7.442464 sec,
425,2022-04-03,12:04:46.599986,32539494,intro task,-1,-,-,-,-,-,-,-,-,1heatmap1_Blues_cont,1heatmap1_Blues_cont_marker_7,1,2,7,3,24,20,1,-4,-4,8.396818 sec,
426,2022-04-03,12:06:45.489009,32539494,intro task,-1,-,-,-,-,-,-,-,-,2heatmap3_Viridis_cont,2heatmap3_Viridis_cont_marker_12,2,4,12,15,13,20,2,3,7,118.85632 sec,
427,2022-04-03,12:07:01.073406,32539494,intro task,-1,-,-,-,-,-,-,-,-,2heatmap0_Blues_disc,2heatmap0_Blues_disc_marker_17,2,2,17,17,31,0,0,0,-31,15.491009 sec,
428,2022-04-03,12:07:08.125706,32539494,intro task,-1,-,-,-,-,-,-,-,-,3heatmap3_Viridis_cont,3heatmap3_Viridis_cont_marker_0,3,4,0,0,26,6,1,0,-20,7.045631 sec,
429,2022-04-03,12:08:01.673115,32539494,intro task,-1,-,-,-,-,-,-,-,-,2heatmap3_Viridis_cont,2heatmap3_Viridis_cont_marker_12,2,4,12,10,13,22,2,-2,9,53.537171 sec,
430,2022-04-03,12:11:59.976469,254919,terms_accepted,-1,-,-,-,-,-,-,-,-,-,-,-1,-1,-1,-1,-1,-1,-1,-1,-1,-,
431,2022-04-03,12:12:13.678640,254919,demographic_survey,22,Female,No schooling completed,Good,44,-,-,-,-,-,-,-1,-1,-1,-1,-1,-1,-1,-1,-1,-,
432,2022-04-03,19:38:53.921923,40550839,terms_accepted,-1,-,-,-,-,-,-,-,-,-,-,-1,-1,-1,-1,-1,-1,-1,-1,-1,-,
433,2022-04-03,19:39:06.346958,40550839,demographic_survey,22,Male,No schooling completed,Excellent,22,-,-,-,-,-,-,-1,-1,-1,-1,-1,-1,-1,-1,-1,-,
434,2022-04-03,19:39:21.256390,40550839,intro task,-1,-,-,-,-,-,-,-,-,3heatmap3_Viridis_cont,3heatmap3_Viridis_cont_marker_0,3,1,0,2,33,0,-2,2,-33,13.077315 sec,
435,2022-04-03,19:40:18.364625,40550839,intro task,-1,-,-,-,-,-,-,-,-,1heatmap6_Blues_transposed_cont,1heatmap6_Blues_cont_marker_17_transposed,1,0,17,15,1,0,-1,-2,-1,57.099997 sec,
436,2022-04-03,19:40:58.784246,40550839,intro task,-1,-,-,-,-,-,-,-,-,1heatmap1_Blues_cont,1heatmap1_Blues_cont_marker_7,1,0,7,3,15,50,-1,-4,35,40.408565 sec,
437,2022-04-03,19:41:27.796205,40550839,intro task,-1,-,-,-,-,-,-,-,-,2heatmap3_Viridis_cont,2heatmap3_Viridis_cont_marker_12,2,4,12,12,2,0,2,0,-2,28.995743 sec,
438,2022-04-03,19:42:29.810015,40550839,intro task,-1,-,-,-,-,-,-,-,-,2heatmap0_Blues_disc,2heatmap0_Blues_disc_marker_17,2,0,17,17,16,46,-2,0,30,61.993352 sec,
439,2022-04-03,19:43:08.830734,40550839,intro task,-1,-,-,-,-,-,-,-,-,1heatmap1_Blues_cont,1heatmap1_Blues_cont_marker_7,1,0,7,5,15,47,-1,-2,32,39.006513 sec,
440,2022-04-03,19:43:49.390287,40550839,intro task,-1,-,-,-,-,-,-,-,-,1heatmap6_Blues_transposed_cont,1heatmap6_Blues_cont_marker_17_transposed,1,0,17,17,1,50,-1,0,49,40.546038 sec,
441,2022-04-03,19:44:30.554443,40550839,intro task,-1,-,-,-,-,-,-,-,-,1heatmap1_Blues_cont,1heatmap1_Blues_cont_marker_7,1,0,7,3,15,0,-1,-4,-15,41.154363 sec,
442,2022-04-03,19:59:18.134364,32539494,task,-1,-,-,-,-,-,-,-,-,1heatmap6_Blues_transposed_cont,1heatmap6_Blues_cont_marker_17_transposed,1,1,17,18,41,43,0,1,2,28276.43696 sec,
443,2022-04-03,20:02:20.965562,32539494,task,-1,-,-,-,-,-,-,-,-,1heatmap0_Viridis_transposed_cont,1heatmap0_Viridis_cont_marker_41_transposed,1,2,41,22,22,39,1,-19,17,182.674292 sec,
444,2022-04-03,20:27:59.020655,40550839,END,-1,-,-,-,-,-,-,-,-,-,-,-1,-1,-1,-1,-1,-1,-1,-1,-1,-,
445,2022-04-03,20:28:55.155835,40550839,END,-1,-,-,-,-,-,-,-,-,-,-,-1,-1,-1,-1,-1,-1,-1,-1,-1,-,
446,2022-04-03,20:29:30.445273,40550839,END,-1,-,-,-,-,-,-,-,-,-,-,-1,-1,-1,-1,-1,-1,-1,-1,-1,-,
447,2022-04-03,20:30:04.988158,40550839,END,-1,-,-,-,-,-,-,-,-,-,-,-1,-1,-1,-1,-1,-1,-1,-1,-1,-,
448,2022-04-03,20:30:26.598761,40550839,END,-1,-,-,-,-,-,-,-,-,-,-,-1,-1,-1,-1,-1,-1,-1,-1,-1,-,
449,2022-04-03,20:30:52.345385,40550839,END,-1,-,-,-,-,-,-,-,-,-,-,-1,-1,-1,-1,-1,-1,-1,-1,-1,-,
